"date","mode","count"
"2024-01-01T00:00:00.000","AAR","9165"
"2024-01-01T00:00:00.000","Bus","455965"
"2024-01-01T00:00:00.000","LIRR","82811"
"2024-01-01T00:00:00.000","MNR","73957"
"2024-01-01T00:00:00.000","SIR","2018"
"2024-01-01T00:00:00.000","Subway","1648734"
"2024-01-02T00:00:00.000","AAR","25961"
"2024-01-02T00:00:00.000","Bus","1091104"
"2024-01-02T00:00:00.000","LIRR","209680"
"2024-01-02T00:00:00.000","MNR","184978"
"2024-01-02T00:00:00.000","SIR","7107"
"2024-01-02T00:00:00.000","Subway","3290639"
"2024-01-03T00:00:00.000","AAR","31304"
"2024-01-03T00:00:00.000","Bus","1212761"
"2024-01-03T00:00:00.000","LIRR","217373"
"2024-01-03T00:00:00.000","MNR","194441"
"2024-01-03T00:00:00.000","SIR","7565"
"2024-01-03T00:00:00.000","Subway","3555082"
"2024-01-04T00:00:00.000","AAR","31233"
"2024-01-04T00:00:00.000","Bus","1242971"
"2024-01-04T00:00:00.000","LIRR","212217"
"2024-01-04T00:00:00.000","MNR","190588"
"2024-01-04T00:00:00.000","SIR","7450"
"2024-01-04T00:00:00.000","Subway","3560703"
"2024-01-05T00:00:00.000","AAR","30480"
"2024-01-05T00:00:00.000","Bus","1185046"
"2024-01-05T00:00:00.000","LIRR","199441"
"2024-01-05T00:00:00.000","MNR","173362"
"2024-01-05T00:00:00.000","SIR","5963"
"2024-01-05T00:00:00.000","Subway","3263064"
"2024-01-06T00:00:00.000","AAR","15850"
"2024-01-06T00:00:00.000","Bus","684686"
"2024-01-06T00:00:00.000","LIRR","92741"
"2024-01-06T00:00:00.000","MNR","82890"
"2024-01-06T00:00:00.000","SIR","2070"
"2024-01-06T00:00:00.000","Subway","1942458"
"2024-01-07T00:00:00.000","AAR","13723"
"2024-01-07T00:00:00.000","Bus","502518"
"2024-01-07T00:00:00.000","LIRR","72971"
"2024-01-07T00:00:00.000","MNR","57280"
"2024-01-07T00:00:00.000","SIR","1533"
"2024-01-07T00:00:00.000","Subway","1472438"
"2024-01-08T00:00:00.000","AAR","28890"
"2024-01-08T00:00:00.000","Bus","1226783"
"2024-01-08T00:00:00.000","LIRR","208960"
"2024-01-08T00:00:00.000","MNR","184150"
"2024-01-08T00:00:00.000","SIR","7001"
"2024-01-08T00:00:00.000","Subway","3303727"
"2024-01-09T00:00:00.000","AAR","30430"
"2024-01-09T00:00:00.000","Bus","1135694"
"2024-01-09T00:00:00.000","LIRR","213699"
"2024-01-09T00:00:00.000","MNR","188888"
"2024-01-09T00:00:00.000","SIR","6944"
"2024-01-09T00:00:00.000","Subway","3353192"
"2024-01-10T00:00:00.000","AAR","31338"
"2024-01-10T00:00:00.000","Bus","1248493"
"2024-01-10T00:00:00.000","LIRR","217461"
"2024-01-10T00:00:00.000","MNR","191221"
"2024-01-10T00:00:00.000","SIR","7216"
"2024-01-10T00:00:00.000","Subway","3557166"
"2024-01-11T00:00:00.000","AAR","32790"
"2024-01-11T00:00:00.000","Bus","1293940"
"2024-01-11T00:00:00.000","LIRR","229117"
"2024-01-11T00:00:00.000","MNR","199799"
"2024-01-11T00:00:00.000","SIR","7337"
"2024-01-11T00:00:00.000","Subway","3688916"
"2024-01-12T00:00:00.000","AAR","31096"
"2024-01-12T00:00:00.000","Bus","1228696"
"2024-01-12T00:00:00.000","LIRR","207670"
"2024-01-12T00:00:00.000","MNR","182896"
"2024-01-12T00:00:00.000","SIR","6286"
"2024-01-12T00:00:00.000","Subway","3365791"
"2024-01-13T00:00:00.000","AAR","17168"
"2024-01-13T00:00:00.000","Bus","755670"
"2024-01-13T00:00:00.000","LIRR","101558"
"2024-01-13T00:00:00.000","MNR","97439"
"2024-01-13T00:00:00.000","SIR","2210"
"2024-01-13T00:00:00.000","Subway","2167383"
"2024-01-14T00:00:00.000","AAR","18588"
"2024-01-14T00:00:00.000","Bus","588809"
"2024-01-14T00:00:00.000","LIRR","85521"
"2024-01-14T00:00:00.000","MNR","78197"
"2024-01-14T00:00:00.000","SIR","1745"
"2024-01-14T00:00:00.000","Subway","1743556"
"2024-01-15T00:00:00.000","AAR","16502"
"2024-01-15T00:00:00.000","Bus","783032"
"2024-01-15T00:00:00.000","LIRR","91887"
"2024-01-15T00:00:00.000","MNR","80498"
"2024-01-15T00:00:00.000","SIR","3017"
"2024-01-15T00:00:00.000","Subway","2169917"
"2024-01-16T00:00:00.000","AAR","29826"
"2024-01-16T00:00:00.000","Bus","1078860"
"2024-01-16T00:00:00.000","LIRR","205716"
"2024-01-16T00:00:00.000","MNR","178389"
"2024-01-16T00:00:00.000","SIR","5414"
"2024-01-16T00:00:00.000","Subway","3235935"
"2024-01-17T00:00:00.000","AAR","32054"
"2024-01-17T00:00:00.000","Bus","1193111"
"2024-01-17T00:00:00.000","LIRR","217173"
"2024-01-17T00:00:00.000","MNR","199986"
"2024-01-17T00:00:00.000","SIR","6891"
"2024-01-17T00:00:00.000","Subway","3616923"
"2024-01-18T00:00:00.000","AAR","32318"
"2024-01-18T00:00:00.000","Bus","1235693"
"2024-01-18T00:00:00.000","LIRR","217911"
"2024-01-18T00:00:00.000","MNR","197257"
"2024-01-18T00:00:00.000","SIR","7014"
"2024-01-18T00:00:00.000","Subway","3655850"
"2024-01-19T00:00:00.000","AAR","27175"
"2024-01-19T00:00:00.000","Bus","1109408"
"2024-01-19T00:00:00.000","LIRR","191999"
"2024-01-19T00:00:00.000","MNR","171490"
"2024-01-19T00:00:00.000","SIR","5330"
"2024-01-19T00:00:00.000","Subway","3176408"
"2024-01-20T00:00:00.000","AAR","15487"
"2024-01-20T00:00:00.000","Bus","677335"
"2024-01-20T00:00:00.000","LIRR","96128"
"2024-01-20T00:00:00.000","MNR","82817"
"2024-01-20T00:00:00.000","SIR","1926"
"2024-01-20T00:00:00.000","Subway","2024041"
"2024-01-21T00:00:00.000","AAR","17147"
"2024-01-21T00:00:00.000","Bus","548497"
"2024-01-21T00:00:00.000","LIRR","78041"
"2024-01-21T00:00:00.000","MNR","66955"
"2024-01-21T00:00:00.000","SIR","1482"
"2024-01-21T00:00:00.000","Subway","1576126"
"2024-01-22T00:00:00.000","AAR","30092"
"2024-01-22T00:00:00.000","Bus","1210644"
"2024-01-22T00:00:00.000","LIRR","209302"
"2024-01-22T00:00:00.000","MNR","185181"
"2024-01-22T00:00:00.000","SIR","6558"
"2024-01-22T00:00:00.000","Subway","3305387"
"2024-01-23T00:00:00.000","AAR","33111"
"2024-01-23T00:00:00.000","Bus","1264199"
"2024-01-23T00:00:00.000","LIRR","233311"
"2024-01-23T00:00:00.000","MNR","205300"
"2024-01-23T00:00:00.000","SIR","7194"
"2024-01-23T00:00:00.000","Subway","3652488"
"2024-01-24T00:00:00.000","AAR","33082"
"2024-01-24T00:00:00.000","Bus","1247798"
"2024-01-24T00:00:00.000","LIRR","223928"
"2024-01-24T00:00:00.000","MNR","201969"
"2024-01-24T00:00:00.000","SIR","7027"
"2024-01-24T00:00:00.000","Subway","3666907"
"2024-01-25T00:00:00.000","AAR","32517"
"2024-01-25T00:00:00.000","Bus","1256481"
"2024-01-25T00:00:00.000","LIRR","223766"
"2024-01-25T00:00:00.000","MNR","199560"
"2024-01-25T00:00:00.000","SIR","6845"
"2024-01-25T00:00:00.000","Subway","3681867"
"2024-01-26T00:00:00.000","AAR","31329"
"2024-01-26T00:00:00.000","Bus","1193175"
"2024-01-26T00:00:00.000","LIRR","213749"
"2024-01-26T00:00:00.000","MNR","184511"
"2024-01-26T00:00:00.000","SIR","5681"
"2024-01-26T00:00:00.000","Subway","3380816"
"2024-01-27T00:00:00.000","AAR","19099"
"2024-01-27T00:00:00.000","Bus","801262"
"2024-01-27T00:00:00.000","LIRR","117555"
"2024-01-27T00:00:00.000","MNR","102600"
"2024-01-27T00:00:00.000","SIR","2409"
"2024-01-27T00:00:00.000","Subway","2283244"
"2024-01-28T00:00:00.000","AAR","17473"
"2024-01-28T00:00:00.000","Bus","535857"
"2024-01-28T00:00:00.000","LIRR","75177"
"2024-01-28T00:00:00.000","MNR","66794"
"2024-01-28T00:00:00.000","SIR","1455"
"2024-01-28T00:00:00.000","Subway","1549077"
"2024-01-29T00:00:00.000","AAR","29367"
"2024-01-29T00:00:00.000","Bus","1211703"
"2024-01-29T00:00:00.000","LIRR","214890"
"2024-01-29T00:00:00.000","MNR","187702"
"2024-01-29T00:00:00.000","SIR","6755"
"2024-01-29T00:00:00.000","Subway","3297571"
"2024-01-30T00:00:00.000","AAR","32782"
"2024-01-30T00:00:00.000","Bus","1284597"
"2024-01-30T00:00:00.000","LIRR","230931"
"2024-01-30T00:00:00.000","MNR","207896"
"2024-01-30T00:00:00.000","SIR","7744"
"2024-01-30T00:00:00.000","Subway","3717520"
"2024-01-31T00:00:00.000","AAR","33417"
"2024-01-31T00:00:00.000","Bus","1325692"
"2024-01-31T00:00:00.000","LIRR","228148"
"2024-01-31T00:00:00.000","MNR","204353"
"2024-01-31T00:00:00.000","SIR","7651"
"2024-01-31T00:00:00.000","Subway","3808584"
"2024-02-01T00:00:00.000","AAR","33540"
"2024-02-01T00:00:00.000","Bus","1337508"
"2024-02-01T00:00:00.000","LIRR","214275"
"2024-02-01T00:00:00.000","MNR","189621"
"2024-02-01T00:00:00.000","SIR","7465"
"2024-02-01T00:00:00.000","Subway","3814682"
"2024-02-02T00:00:00.000","AAR","32175"
"2024-02-02T00:00:00.000","Bus","1239617"
"2024-02-02T00:00:00.000","LIRR","200395"
"2024-02-02T00:00:00.000","MNR","174044"
"2024-02-02T00:00:00.000","SIR","6207"
"2024-02-02T00:00:00.000","Subway","3457807"
"2024-02-03T00:00:00.000","AAR","20070"
"2024-02-03T00:00:00.000","Bus","808103"
"2024-02-03T00:00:00.000","LIRR","113576"
"2024-02-03T00:00:00.000","MNR","102310"
"2024-02-03T00:00:00.000","SIR","2357"
"2024-02-03T00:00:00.000","Subway","2324038"
"2024-02-04T00:00:00.000","AAR","20480"
"2024-02-04T00:00:00.000","Bus","626299"
"2024-02-04T00:00:00.000","LIRR","86327"
"2024-02-04T00:00:00.000","MNR","77083"
"2024-02-04T00:00:00.000","SIR","1746"
"2024-02-04T00:00:00.000","Subway","1742107"
"2024-02-05T00:00:00.000","AAR","31372"
"2024-02-05T00:00:00.000","Bus","1297578"
"2024-02-05T00:00:00.000","LIRR","218879"
"2024-02-05T00:00:00.000","MNR","190181"
"2024-02-05T00:00:00.000","SIR","7053"
"2024-02-05T00:00:00.000","Subway","3481777"
"2024-02-06T00:00:00.000","AAR","33618"
"2024-02-06T00:00:00.000","Bus","1346868"
"2024-02-06T00:00:00.000","LIRR","233524"
"2024-02-06T00:00:00.000","MNR","208252"
"2024-02-06T00:00:00.000","SIR","7709"
"2024-02-06T00:00:00.000","Subway","3857533"
"2024-02-07T00:00:00.000","AAR","34799"
"2024-02-07T00:00:00.000","Bus","1341486"
"2024-02-07T00:00:00.000","LIRR","229426"
"2024-02-07T00:00:00.000","MNR","202871"
"2024-02-07T00:00:00.000","SIR","7655"
"2024-02-07T00:00:00.000","Subway","3900992"
"2024-02-08T00:00:00.000","AAR","34386"
"2024-02-08T00:00:00.000","Bus","1350925"
"2024-02-08T00:00:00.000","LIRR","232069"
"2024-02-08T00:00:00.000","MNR","198010"
"2024-02-08T00:00:00.000","SIR","7442"
"2024-02-08T00:00:00.000","Subway","3903673"
"2024-02-09T00:00:00.000","AAR","32233"
"2024-02-09T00:00:00.000","Bus","1268268"
"2024-02-09T00:00:00.000","LIRR","218909"
"2024-02-09T00:00:00.000","MNR","185475"
"2024-02-09T00:00:00.000","SIR","6121"
"2024-02-09T00:00:00.000","Subway","3547321"
"2024-02-10T00:00:00.000","AAR","20462"
"2024-02-10T00:00:00.000","Bus","795892"
"2024-02-10T00:00:00.000","LIRR","118074"
"2024-02-10T00:00:00.000","MNR","99942"
"2024-02-10T00:00:00.000","SIR","2596"
"2024-02-10T00:00:00.000","Subway","2385448"
"2024-02-11T00:00:00.000","AAR","20610"
"2024-02-11T00:00:00.000","Bus","628400"
"2024-02-11T00:00:00.000","LIRR","83832"
"2024-02-11T00:00:00.000","MNR","73614"
"2024-02-11T00:00:00.000","SIR","1769"
"2024-02-11T00:00:00.000","Subway","1774698"
"2024-02-12T00:00:00.000","AAR","30323"
"2024-02-12T00:00:00.000","Bus","1254403"
"2024-02-12T00:00:00.000","LIRR","212628"
"2024-02-12T00:00:00.000","MNR","185118"
"2024-02-12T00:00:00.000","SIR","6132"
"2024-02-12T00:00:00.000","Subway","3374596"
"2024-02-13T00:00:00.000","AAR","23271"
"2024-02-13T00:00:00.000","Bus","724893"
"2024-02-13T00:00:00.000","LIRR","166803"
"2024-02-13T00:00:00.000","MNR","134355"
"2024-02-13T00:00:00.000","SIR","3641"
"2024-02-13T00:00:00.000","Subway","2273584"
"2024-02-14T00:00:00.000","AAR","32796"
"2024-02-14T00:00:00.000","Bus","1282121"
"2024-02-14T00:00:00.000","LIRR","230505"
"2024-02-14T00:00:00.000","MNR","201686"
"2024-02-14T00:00:00.000","SIR","7645"
"2024-02-14T00:00:00.000","Subway","3963628"
"2024-02-15T00:00:00.000","AAR","33402"
"2024-02-15T00:00:00.000","Bus","1305830"
"2024-02-15T00:00:00.000","LIRR","228885"
"2024-02-15T00:00:00.000","MNR","202704"
"2024-02-15T00:00:00.000","SIR","7500"
"2024-02-15T00:00:00.000","Subway","3874860"
"2024-02-16T00:00:00.000","AAR","32442"
"2024-02-16T00:00:00.000","Bus","1225865"
"2024-02-16T00:00:00.000","LIRR","210552"
"2024-02-16T00:00:00.000","MNR","186547"
"2024-02-16T00:00:00.000","SIR","6269"
"2024-02-16T00:00:00.000","Subway","3504536"
"2024-02-17T00:00:00.000","AAR","17545"
"2024-02-17T00:00:00.000","Bus","680638"
"2024-02-17T00:00:00.000","LIRR","95271"
"2024-02-17T00:00:00.000","MNR","92423"
"2024-02-17T00:00:00.000","SIR","2038"
"2024-02-17T00:00:00.000","Subway","2178047"
"2024-02-18T00:00:00.000","AAR","18975"
"2024-02-18T00:00:00.000","Bus","604537"
"2024-02-18T00:00:00.000","LIRR","89877"
"2024-02-18T00:00:00.000","MNR","81659"
"2024-02-18T00:00:00.000","SIR","1720"
"2024-02-18T00:00:00.000","Subway","1850840"
"2024-02-19T00:00:00.000","AAR","17585"
"2024-02-19T00:00:00.000","Bus","842548"
"2024-02-19T00:00:00.000","LIRR","96569"
"2024-02-19T00:00:00.000","MNR","85973"
"2024-02-19T00:00:00.000","SIR","3007"
"2024-02-19T00:00:00.000","Subway","2244741"
"2024-02-20T00:00:00.000","AAR","32208"
"2024-02-20T00:00:00.000","Bus","1201850"
"2024-02-20T00:00:00.000","LIRR","233827"
"2024-02-20T00:00:00.000","MNR","207099"
"2024-02-20T00:00:00.000","SIR","7023"
"2024-02-20T00:00:00.000","Subway","3490990"
"2024-02-21T00:00:00.000","AAR","33590"
"2024-02-21T00:00:00.000","Bus","1222440"
"2024-02-21T00:00:00.000","LIRR","230058"
"2024-02-21T00:00:00.000","MNR","201074"
"2024-02-21T00:00:00.000","SIR","7112"
"2024-02-21T00:00:00.000","Subway","3591484"
"2024-02-22T00:00:00.000","AAR","32702"
"2024-02-22T00:00:00.000","Bus","1212903"
"2024-02-22T00:00:00.000","LIRR","225465"
"2024-02-22T00:00:00.000","MNR","195315"
"2024-02-22T00:00:00.000","SIR","6674"
"2024-02-22T00:00:00.000","Subway","3588173"
"2024-02-23T00:00:00.000","AAR","30262"
"2024-02-23T00:00:00.000","Bus","1126271"
"2024-02-23T00:00:00.000","LIRR","208527"
"2024-02-23T00:00:00.000","MNR","182348"
"2024-02-23T00:00:00.000","SIR","5479"
"2024-02-23T00:00:00.000","Subway","3219121"
"2024-02-24T00:00:00.000","AAR","19456"
"2024-02-24T00:00:00.000","Bus","788962"
"2024-02-24T00:00:00.000","LIRR","114816"
"2024-02-24T00:00:00.000","MNR","98942"
"2024-02-24T00:00:00.000","SIR","2407"
"2024-02-24T00:00:00.000","Subway","2308808"
"2024-02-25T00:00:00.000","AAR","19822"
"2024-02-25T00:00:00.000","Bus","608010"
"2024-02-25T00:00:00.000","LIRR","88104"
"2024-02-25T00:00:00.000","MNR","78248"
"2024-02-25T00:00:00.000","SIR","1800"
"2024-02-25T00:00:00.000","Subway","1740477"
"2024-02-26T00:00:00.000","AAR","30867"
"2024-02-26T00:00:00.000","Bus","1275320"
"2024-02-26T00:00:00.000","LIRR","217914"
"2024-02-26T00:00:00.000","MNR","187542"
"2024-02-26T00:00:00.000","SIR","6969"
"2024-02-26T00:00:00.000","Subway","3439079"
"2024-02-27T00:00:00.000","AAR","33571"
"2024-02-27T00:00:00.000","Bus","1332209"
"2024-02-27T00:00:00.000","LIRR","233207"
"2024-02-27T00:00:00.000","MNR","208042"
"2024-02-27T00:00:00.000","SIR","7659"
"2024-02-27T00:00:00.000","Subway","3802458"
"2024-02-28T00:00:00.000","AAR","33664"
"2024-02-28T00:00:00.000","Bus","1290829"
"2024-02-28T00:00:00.000","LIRR","228110"
"2024-02-28T00:00:00.000","MNR","199671"
"2024-02-28T00:00:00.000","SIR","7428"
"2024-02-28T00:00:00.000","Subway","3784177"
"2024-02-29T00:00:00.000","AAR","33637"
"2024-02-29T00:00:00.000","Bus","1334777"
"2024-02-29T00:00:00.000","LIRR","232010"
"2024-02-29T00:00:00.000","MNR","204828"
"2024-02-29T00:00:00.000","SIR","7295"
"2024-02-29T00:00:00.000","Subway","3905888"
"2024-03-01T00:00:00.000","AAR","33416"
"2024-03-01T00:00:00.000","Bus","1276428"
"2024-03-01T00:00:00.000","LIRR","181633"
"2024-03-01T00:00:00.000","MNR","157348"
"2024-03-01T00:00:00.000","SIR","6220"
"2024-03-01T00:00:00.000","Subway","3573658"
"2024-03-02T00:00:00.000","AAR","19380"
"2024-03-02T00:00:00.000","Bus","689029"
"2024-03-02T00:00:00.000","LIRR","98266"
"2024-03-02T00:00:00.000","MNR","85586"
"2024-03-02T00:00:00.000","SIR","2084"
"2024-03-02T00:00:00.000","Subway","2094029"
"2024-03-03T00:00:00.000","AAR","21351"
"2024-03-03T00:00:00.000","Bus","686787"
"2024-03-03T00:00:00.000","LIRR","93906"
"2024-03-03T00:00:00.000","MNR","85095"
"2024-03-03T00:00:00.000","SIR","1981"
"2024-03-03T00:00:00.000","Subway","1961510"
"2024-03-04T00:00:00.000","AAR","32231"
"2024-03-04T00:00:00.000","Bus","1319592"
"2024-03-04T00:00:00.000","LIRR","219565"
"2024-03-04T00:00:00.000","MNR","188845"
"2024-03-04T00:00:00.000","SIR","7229"
"2024-03-04T00:00:00.000","Subway","3539671"
"2024-03-05T00:00:00.000","AAR","34277"
"2024-03-05T00:00:00.000","Bus","1263377"
"2024-03-05T00:00:00.000","LIRR","236999"
"2024-03-05T00:00:00.000","MNR","204515"
"2024-03-05T00:00:00.000","SIR","7344"
"2024-03-05T00:00:00.000","Subway","3819514"
"2024-03-06T00:00:00.000","AAR","35207"
"2024-03-06T00:00:00.000","Bus","1273337"
"2024-03-06T00:00:00.000","LIRR","225080"
"2024-03-06T00:00:00.000","MNR","198040"
"2024-03-06T00:00:00.000","SIR","7555"
"2024-03-06T00:00:00.000","Subway","3865589"
"2024-03-07T00:00:00.000","AAR","34235"
"2024-03-07T00:00:00.000","Bus","1334827"
"2024-03-07T00:00:00.000","LIRR","226926"
"2024-03-07T00:00:00.000","MNR","197659"
"2024-03-07T00:00:00.000","SIR","7414"
"2024-03-07T00:00:00.000","Subway","3893731"
"2024-03-08T00:00:00.000","AAR","34613"
"2024-03-08T00:00:00.000","Bus","1291469"
"2024-03-08T00:00:00.000","LIRR","226372"
"2024-03-08T00:00:00.000","MNR","192899"
"2024-03-08T00:00:00.000","SIR","6588"
"2024-03-08T00:00:00.000","Subway","3685219"
"2024-03-09T00:00:00.000","AAR","19661"
"2024-03-09T00:00:00.000","Bus","747405"
"2024-03-09T00:00:00.000","LIRR","113368"
"2024-03-09T00:00:00.000","MNR","97183"
"2024-03-09T00:00:00.000","SIR","2174"
"2024-03-09T00:00:00.000","Subway","2128635"
"2024-03-10T00:00:00.000","AAR","20080"
"2024-03-10T00:00:00.000","Bus","630566"
"2024-03-10T00:00:00.000","LIRR","90567"
"2024-03-10T00:00:00.000","MNR","77768"
"2024-03-10T00:00:00.000","SIR","1750"
"2024-03-10T00:00:00.000","Subway","1803578"
"2024-03-11T00:00:00.000","AAR","31600"
"2024-03-11T00:00:00.000","Bus","1270081"
"2024-03-11T00:00:00.000","LIRR","218755"
"2024-03-11T00:00:00.000","MNR","188108"
"2024-03-11T00:00:00.000","SIR","6854"
"2024-03-11T00:00:00.000","Subway","3497588"
"2024-03-12T00:00:00.000","AAR","34978"
"2024-03-12T00:00:00.000","Bus","1370319"
"2024-03-12T00:00:00.000","LIRR","239002"
"2024-03-12T00:00:00.000","MNR","213584"
"2024-03-12T00:00:00.000","SIR","7820"
"2024-03-12T00:00:00.000","Subway","3988438"
"2024-03-13T00:00:00.000","AAR","36469"
"2024-03-13T00:00:00.000","Bus","1377062"
"2024-03-13T00:00:00.000","LIRR","237603"
"2024-03-13T00:00:00.000","MNR","212582"
"2024-03-13T00:00:00.000","SIR","8100"
"2024-03-13T00:00:00.000","Subway","4024943"
"2024-03-14T00:00:00.000","AAR","36111"
"2024-03-14T00:00:00.000","Bus","1368263"
"2024-03-14T00:00:00.000","LIRR","240124"
"2024-03-14T00:00:00.000","MNR","211962"
"2024-03-14T00:00:00.000","SIR","7658"
"2024-03-14T00:00:00.000","Subway","4049186"
"2024-03-15T00:00:00.000","AAR","33266"
"2024-03-15T00:00:00.000","Bus","1275542"
"2024-03-15T00:00:00.000","LIRR","227481"
"2024-03-15T00:00:00.000","MNR","199285"
"2024-03-15T00:00:00.000","SIR","6558"
"2024-03-15T00:00:00.000","Subway","3643013"
"2024-03-16T00:00:00.000","AAR","20796"
"2024-03-16T00:00:00.000","Bus","838318"
"2024-03-16T00:00:00.000","LIRR","138156"
"2024-03-16T00:00:00.000","MNR","129667"
"2024-03-16T00:00:00.000","SIR","3108"
"2024-03-16T00:00:00.000","Subway","2553056"
"2024-03-17T00:00:00.000","AAR","20237"
"2024-03-17T00:00:00.000","Bus","625861"
"2024-03-17T00:00:00.000","LIRR","103993"
"2024-03-17T00:00:00.000","MNR","86964"
"2024-03-17T00:00:00.000","SIR","2078"
"2024-03-17T00:00:00.000","Subway","1972170"
"2024-03-18T00:00:00.000","AAR","31905"
"2024-03-18T00:00:00.000","Bus","1296423"
"2024-03-18T00:00:00.000","LIRR","221451"
"2024-03-18T00:00:00.000","MNR","190770"
"2024-03-18T00:00:00.000","SIR","7072"
"2024-03-18T00:00:00.000","Subway","3482565"
"2024-03-19T00:00:00.000","AAR","34899"
"2024-03-19T00:00:00.000","Bus","1336910"
"2024-03-19T00:00:00.000","LIRR","242771"
"2024-03-19T00:00:00.000","MNR","210028"
"2024-03-19T00:00:00.000","SIR","7795"
"2024-03-19T00:00:00.000","Subway","3869116"
"2024-03-20T00:00:00.000","AAR","35998"
"2024-03-20T00:00:00.000","Bus","1334002"
"2024-03-20T00:00:00.000","LIRR","234446"
"2024-03-20T00:00:00.000","MNR","206030"
"2024-03-20T00:00:00.000","SIR","7700"
"2024-03-20T00:00:00.000","Subway","3886104"
"2024-03-21T00:00:00.000","AAR","35097"
"2024-03-21T00:00:00.000","Bus","1317112"
"2024-03-21T00:00:00.000","LIRR","228782"
"2024-03-21T00:00:00.000","MNR","200037"
"2024-03-21T00:00:00.000","SIR","7292"
"2024-03-21T00:00:00.000","Subway","3862248"
"2024-03-22T00:00:00.000","AAR","33549"
"2024-03-22T00:00:00.000","Bus","1251225"
"2024-03-22T00:00:00.000","LIRR","225175"
"2024-03-22T00:00:00.000","MNR","187489"
"2024-03-22T00:00:00.000","SIR","6299"
"2024-03-22T00:00:00.000","Subway","3581959"
"2024-03-23T00:00:00.000","AAR","17633"
"2024-03-23T00:00:00.000","Bus","587004"
"2024-03-23T00:00:00.000","LIRR","95770"
"2024-03-23T00:00:00.000","MNR","77331"
"2024-03-23T00:00:00.000","SIR","1766"
"2024-03-23T00:00:00.000","Subway","1863863"
"2024-03-24T00:00:00.000","AAR","22334"
"2024-03-24T00:00:00.000","Bus","653413"
"2024-03-24T00:00:00.000","LIRR","95973"
"2024-03-24T00:00:00.000","MNR","80451"
"2024-03-24T00:00:00.000","SIR","1890"
"2024-03-24T00:00:00.000","Subway","1912946"
"2024-03-25T00:00:00.000","AAR","31947"
"2024-03-25T00:00:00.000","Bus","1281676"
"2024-03-25T00:00:00.000","LIRR","224068"
"2024-03-25T00:00:00.000","MNR","192720"
"2024-03-25T00:00:00.000","SIR","7032"
"2024-03-25T00:00:00.000","Subway","3583716"
"2024-03-26T00:00:00.000","AAR","34874"
"2024-03-26T00:00:00.000","Bus","1355991"
"2024-03-26T00:00:00.000","LIRR","239790"
"2024-03-26T00:00:00.000","MNR","211566"
"2024-03-26T00:00:00.000","SIR","7754"
"2024-03-26T00:00:00.000","Subway","3969793"
"2024-03-27T00:00:00.000","AAR","35627"
"2024-03-27T00:00:00.000","Bus","1342695"
"2024-03-27T00:00:00.000","LIRR","241268"
"2024-03-27T00:00:00.000","MNR","207744"
"2024-03-27T00:00:00.000","SIR","7628"
"2024-03-27T00:00:00.000","Subway","4014011"
"2024-03-28T00:00:00.000","AAR","34416"
"2024-03-28T00:00:00.000","Bus","1223847"
"2024-03-28T00:00:00.000","LIRR","239840"
"2024-03-28T00:00:00.000","MNR","200583"
"2024-03-28T00:00:00.000","SIR","6780"
"2024-03-28T00:00:00.000","Subway","3910547"
"2024-03-29T00:00:00.000","AAR","30293"
"2024-03-29T00:00:00.000","Bus","1096254"
"2024-03-29T00:00:00.000","LIRR","241583"
"2024-03-29T00:00:00.000","MNR","198343"
"2024-03-29T00:00:00.000","SIR","5092"
"2024-03-29T00:00:00.000","Subway","3372535"
"2024-03-30T00:00:00.000","AAR","19891"
"2024-03-30T00:00:00.000","Bus","801723"
"2024-03-30T00:00:00.000","LIRR","135355"
"2024-03-30T00:00:00.000","MNR","111061"
"2024-03-30T00:00:00.000","SIR","2748"
"2024-03-30T00:00:00.000","Subway","2526569"
"2024-03-31T00:00:00.000","AAR","23316"
"2024-03-31T00:00:00.000","Bus","606411"
"2024-03-31T00:00:00.000","LIRR","121273"
"2024-03-31T00:00:00.000","MNR","98458"
"2024-03-31T00:00:00.000","SIR","2096"
"2024-03-31T00:00:00.000","Subway","1936295"
"2024-04-01T00:00:00.000","AAR","30083"
"2024-04-01T00:00:00.000","Bus","1168598"
"2024-04-01T00:00:00.000","LIRR","208291"
"2024-04-01T00:00:00.000","MNR","180107"
"2024-04-01T00:00:00.000","SIR","6053"
"2024-04-01T00:00:00.000","Subway","3321989"
"2024-04-02T00:00:00.000","AAR","34415"
"2024-04-02T00:00:00.000","Bus","1247638"
"2024-04-02T00:00:00.000","LIRR","234615"
"2024-04-02T00:00:00.000","MNR","206753"
"2024-04-02T00:00:00.000","SIR","7289"
"2024-04-02T00:00:00.000","Subway","3900061"
"2024-04-03T00:00:00.000","AAR","34971"
"2024-04-03T00:00:00.000","Bus","1162660"
"2024-04-03T00:00:00.000","LIRR","222764"
"2024-04-03T00:00:00.000","MNR","195001"
"2024-04-03T00:00:00.000","SIR","6815"
"2024-04-03T00:00:00.000","Subway","3890305"
"2024-04-04T00:00:00.000","AAR","34712"
"2024-04-04T00:00:00.000","Bus","1339531"
"2024-04-04T00:00:00.000","LIRR","232730"
"2024-04-04T00:00:00.000","MNR","201745"
"2024-04-04T00:00:00.000","SIR","7180"
"2024-04-04T00:00:00.000","Subway","4100733"
"2024-04-05T00:00:00.000","AAR","34503"
"2024-04-05T00:00:00.000","Bus","1263607"
"2024-04-05T00:00:00.000","LIRR","225107"
"2024-04-05T00:00:00.000","MNR","202580"
"2024-04-05T00:00:00.000","SIR","6309"
"2024-04-05T00:00:00.000","Subway","3800800"
"2024-04-06T00:00:00.000","AAR","21444"
"2024-04-06T00:00:00.000","Bus","822825"
"2024-04-06T00:00:00.000","LIRR","128106"
"2024-04-06T00:00:00.000","MNR","117095"
"2024-04-06T00:00:00.000","SIR","2555"
"2024-04-06T00:00:00.000","Subway","2477127"
"2024-04-07T00:00:00.000","AAR","21759"
"2024-04-07T00:00:00.000","Bus","651153"
"2024-04-07T00:00:00.000","LIRR","101624"
"2024-04-07T00:00:00.000","MNR","94103"
"2024-04-07T00:00:00.000","SIR","2033"
"2024-04-07T00:00:00.000","Subway","1899641"
"2024-04-08T00:00:00.000","AAR","31777"
"2024-04-08T00:00:00.000","Bus","1258402"
"2024-04-08T00:00:00.000","LIRR","220359"
"2024-04-08T00:00:00.000","MNR","194106"
"2024-04-08T00:00:00.000","SIR","6873"
"2024-04-08T00:00:00.000","Subway","3506719"
"2024-04-09T00:00:00.000","AAR","36151"
"2024-04-09T00:00:00.000","Bus","1366571"
"2024-04-09T00:00:00.000","LIRR","251964"
"2024-04-09T00:00:00.000","MNR","228390"
"2024-04-09T00:00:00.000","SIR","7937"
"2024-04-09T00:00:00.000","Subway","4042674"
"2024-04-10T00:00:00.000","AAR","35534"
"2024-04-10T00:00:00.000","Bus","1245909"
"2024-04-10T00:00:00.000","LIRR","235585"
"2024-04-10T00:00:00.000","MNR","216591"
"2024-04-10T00:00:00.000","SIR","7115"
"2024-04-10T00:00:00.000","Subway","3791945"
"2024-04-11T00:00:00.000","AAR","35354"
"2024-04-11T00:00:00.000","Bus","1315916"
"2024-04-11T00:00:00.000","LIRR","241215"
"2024-04-11T00:00:00.000","MNR","205013"
"2024-04-11T00:00:00.000","SIR","7326"
"2024-04-11T00:00:00.000","Subway","4000485"
"2024-04-12T00:00:00.000","AAR","33701"
"2024-04-12T00:00:00.000","Bus","1240823"
"2024-04-12T00:00:00.000","LIRR","225168"
"2024-04-12T00:00:00.000","MNR","191755"
"2024-04-12T00:00:00.000","SIR","6265"
"2024-04-12T00:00:00.000","Subway","3668439"
"2024-04-13T00:00:00.000","AAR","21606"
"2024-04-13T00:00:00.000","Bus","824356"
"2024-04-13T00:00:00.000","LIRR","120351"
"2024-04-13T00:00:00.000","MNR","110542"
"2024-04-13T00:00:00.000","SIR","2609"
"2024-04-13T00:00:00.000","Subway","2535112"
"2024-04-14T00:00:00.000","AAR","21766"
"2024-04-14T00:00:00.000","Bus","664358"
"2024-04-14T00:00:00.000","LIRR","103711"
"2024-04-14T00:00:00.000","MNR","93633"
"2024-04-14T00:00:00.000","SIR","2145"
"2024-04-14T00:00:00.000","Subway","2068885"
"2024-04-15T00:00:00.000","AAR","32975"
"2024-04-15T00:00:00.000","Bus","1319005"
"2024-04-15T00:00:00.000","LIRR","233386"
"2024-04-15T00:00:00.000","MNR","203835"
"2024-04-15T00:00:00.000","SIR","7374"
"2024-04-15T00:00:00.000","Subway","3704177"
"2024-04-16T00:00:00.000","AAR","35869"
"2024-04-16T00:00:00.000","Bus","1370151"
"2024-04-16T00:00:00.000","LIRR","243835"
"2024-04-16T00:00:00.000","MNR","220030"
"2024-04-16T00:00:00.000","SIR","8017"
"2024-04-16T00:00:00.000","Subway","4033514"
"2024-04-17T00:00:00.000","AAR","35970"
"2024-04-17T00:00:00.000","Bus","1347870"
"2024-04-17T00:00:00.000","LIRR","243323"
"2024-04-17T00:00:00.000","MNR","214829"
"2024-04-17T00:00:00.000","SIR","7805"
"2024-04-17T00:00:00.000","Subway","4021256"
"2024-04-18T00:00:00.000","AAR","34816"
"2024-04-18T00:00:00.000","Bus","1303010"
"2024-04-18T00:00:00.000","LIRR","230634"
"2024-04-18T00:00:00.000","MNR","203859"
"2024-04-18T00:00:00.000","SIR","7271"
"2024-04-18T00:00:00.000","Subway","3966226"
"2024-04-19T00:00:00.000","AAR","33749"
"2024-04-19T00:00:00.000","Bus","1278086"
"2024-04-19T00:00:00.000","LIRR","223518"
"2024-04-19T00:00:00.000","MNR","205809"
"2024-04-19T00:00:00.000","SIR","6252"
"2024-04-19T00:00:00.000","Subway","3705782"
"2024-04-20T00:00:00.000","AAR","21228"
"2024-04-20T00:00:00.000","Bus","830016"
"2024-04-20T00:00:00.000","LIRR","125999"
"2024-04-20T00:00:00.000","MNR","123804"
"2024-04-20T00:00:00.000","SIR","2793"
"2024-04-20T00:00:00.000","Subway","2537525"
"2024-04-21T00:00:00.000","AAR","20807"
"2024-04-21T00:00:00.000","Bus","651681"
"2024-04-21T00:00:00.000","LIRR","101817"
"2024-04-21T00:00:00.000","MNR","98834"
"2024-04-21T00:00:00.000","SIR","2017"
"2024-04-21T00:00:00.000","Subway","1918237"
"2024-04-22T00:00:00.000","AAR","29919"
"2024-04-22T00:00:00.000","Bus","1146285"
"2024-04-22T00:00:00.000","LIRR","229680"
"2024-04-22T00:00:00.000","MNR","206229"
"2024-04-22T00:00:00.000","SIR","6171"
"2024-04-22T00:00:00.000","Subway","3219677"
"2024-04-23T00:00:00.000","AAR","31727"
"2024-04-23T00:00:00.000","Bus","1176798"
"2024-04-23T00:00:00.000","LIRR","238274"
"2024-04-23T00:00:00.000","MNR","221191"
"2024-04-23T00:00:00.000","SIR","7063"
"2024-04-23T00:00:00.000","Subway","3522218"
"2024-04-24T00:00:00.000","AAR","32658"
"2024-04-24T00:00:00.000","Bus","1180243"
"2024-04-24T00:00:00.000","LIRR","233010"
"2024-04-24T00:00:00.000","MNR","215927"
"2024-04-24T00:00:00.000","SIR","6847"
"2024-04-24T00:00:00.000","Subway","3608010"
"2024-04-25T00:00:00.000","AAR","32999"
"2024-04-25T00:00:00.000","Bus","1191480"
"2024-04-25T00:00:00.000","LIRR","242243"
"2024-04-25T00:00:00.000","MNR","217219"
"2024-04-25T00:00:00.000","SIR","6820"
"2024-04-25T00:00:00.000","Subway","3723894"
"2024-04-26T00:00:00.000","AAR","31859"
"2024-04-26T00:00:00.000","Bus","1143792"
"2024-04-26T00:00:00.000","LIRR","229885"
"2024-04-26T00:00:00.000","MNR","198590"
"2024-04-26T00:00:00.000","SIR","5647"
"2024-04-26T00:00:00.000","Subway","3431590"
"2024-04-27T00:00:00.000","AAR","20591"
"2024-04-27T00:00:00.000","Bus","801494"
"2024-04-27T00:00:00.000","LIRR","123192"
"2024-04-27T00:00:00.000","MNR","109447"
"2024-04-27T00:00:00.000","SIR","2479"
"2024-04-27T00:00:00.000","Subway","2506779"
"2024-04-28T00:00:00.000","AAR","21057"
"2024-04-28T00:00:00.000","Bus","649572"
"2024-04-28T00:00:00.000","LIRR","100214"
"2024-04-28T00:00:00.000","MNR","91619"
"2024-04-28T00:00:00.000","SIR","1965"
"2024-04-28T00:00:00.000","Subway","2084950"
"2024-04-29T00:00:00.000","AAR","30504"
"2024-04-29T00:00:00.000","Bus","1161990"
"2024-04-29T00:00:00.000","LIRR","225362"
"2024-04-29T00:00:00.000","MNR","201385"
"2024-04-29T00:00:00.000","SIR","6385"
"2024-04-29T00:00:00.000","Subway","3323706"
"2024-04-30T00:00:00.000","AAR","32717"
"2024-04-30T00:00:00.000","Bus","1193514"
"2024-04-30T00:00:00.000","LIRR","240862"
"2024-04-30T00:00:00.000","MNR","218592"
"2024-04-30T00:00:00.000","SIR","6886"
"2024-04-30T00:00:00.000","Subway","3638986"
"2024-05-01T00:00:00.000","AAR","35701"
"2024-05-01T00:00:00.000","Bus","1350660"
"2024-05-01T00:00:00.000","LIRR","230682"
"2024-05-01T00:00:00.000","MNR","205030"
"2024-05-01T00:00:00.000","SIR","7757"
"2024-05-01T00:00:00.000","Subway","4032791"
"2024-05-02T00:00:00.000","AAR","36244"
"2024-05-02T00:00:00.000","Bus","1349838"
"2024-05-02T00:00:00.000","LIRR","235003"
"2024-05-02T00:00:00.000","MNR","210951"
"2024-05-02T00:00:00.000","SIR","7475"
"2024-05-02T00:00:00.000","Subway","4061242"
"2024-05-03T00:00:00.000","AAR","34860"
"2024-05-03T00:00:00.000","Bus","1285012"
"2024-05-03T00:00:00.000","LIRR","226880"
"2024-05-03T00:00:00.000","MNR","204190"
"2024-05-03T00:00:00.000","SIR","6516"
"2024-05-03T00:00:00.000","Subway","3780888"
"2024-05-04T00:00:00.000","AAR","22523"
"2024-05-04T00:00:00.000","Bus","849249"
"2024-05-04T00:00:00.000","LIRR","123516"
"2024-05-04T00:00:00.000","MNR","122719"
"2024-05-04T00:00:00.000","SIR","2769"
"2024-05-04T00:00:00.000","Subway","2563658"
"2024-05-05T00:00:00.000","AAR","20709"
"2024-05-05T00:00:00.000","Bus","578132"
"2024-05-05T00:00:00.000","LIRR","99491"
"2024-05-05T00:00:00.000","MNR","87988"
"2024-05-05T00:00:00.000","SIR","2571"
"2024-05-05T00:00:00.000","Subway","1889174"
"2024-05-06T00:00:00.000","AAR","33424"
"2024-05-06T00:00:00.000","Bus","1295794"
"2024-05-06T00:00:00.000","LIRR","229643"
"2024-05-06T00:00:00.000","MNR","200506"
"2024-05-06T00:00:00.000","SIR","6869"
"2024-05-06T00:00:00.000","Subway","3652105"
"2024-05-07T00:00:00.000","AAR","36309"
"2024-05-07T00:00:00.000","Bus","1375535"
"2024-05-07T00:00:00.000","LIRR","250953"
"2024-05-07T00:00:00.000","MNR","227303"
"2024-05-07T00:00:00.000","SIR","7966"
"2024-05-07T00:00:00.000","Subway","4098321"
"2024-05-08T00:00:00.000","AAR","36981"
"2024-05-08T00:00:00.000","Bus","1350511"
"2024-05-08T00:00:00.000","LIRR","244202"
"2024-05-08T00:00:00.000","MNR","221059"
"2024-05-08T00:00:00.000","SIR","7623"
"2024-05-08T00:00:00.000","Subway","4087477"
"2024-05-09T00:00:00.000","AAR","35927"
"2024-05-09T00:00:00.000","Bus","1354139"
"2024-05-09T00:00:00.000","LIRR","247959"
"2024-05-09T00:00:00.000","MNR","218370"
"2024-05-09T00:00:00.000","SIR","7344"
"2024-05-09T00:00:00.000","Subway","4086528"
"2024-05-10T00:00:00.000","AAR","34539"
"2024-05-10T00:00:00.000","Bus","1212090"
"2024-05-10T00:00:00.000","LIRR","228020"
"2024-05-10T00:00:00.000","MNR","195091"
"2024-05-10T00:00:00.000","SIR","5894"
"2024-05-10T00:00:00.000","Subway","3677268"
"2024-05-11T00:00:00.000","AAR","22810"
"2024-05-11T00:00:00.000","Bus","845713"
"2024-05-11T00:00:00.000","LIRR","134051"
"2024-05-11T00:00:00.000","MNR","117308"
"2024-05-11T00:00:00.000","SIR","3078"
"2024-05-11T00:00:00.000","Subway","2648580"
"2024-05-12T00:00:00.000","AAR","24531"
"2024-05-12T00:00:00.000","Bus","559614"
"2024-05-12T00:00:00.000","LIRR","114118"
"2024-05-12T00:00:00.000","MNR","98717"
"2024-05-12T00:00:00.000","SIR","1755"
"2024-05-12T00:00:00.000","Subway","1858872"
"2024-05-13T00:00:00.000","AAR","31980"
"2024-05-13T00:00:00.000","Bus","1264180"
"2024-05-13T00:00:00.000","LIRR","244216"
"2024-05-13T00:00:00.000","MNR","209794"
"2024-05-13T00:00:00.000","SIR","7137"
"2024-05-13T00:00:00.000","Subway","3703066"
"2024-05-14T00:00:00.000","AAR","35800"
"2024-05-14T00:00:00.000","Bus","1343633"
"2024-05-14T00:00:00.000","LIRR","260745"
"2024-05-14T00:00:00.000","MNR","226656"
"2024-05-14T00:00:00.000","SIR","7698"
"2024-05-14T00:00:00.000","Subway","4116655"
"2024-05-15T00:00:00.000","AAR","36951"
"2024-05-15T00:00:00.000","Bus","1288427"
"2024-05-15T00:00:00.000","LIRR","248434"
"2024-05-15T00:00:00.000","MNR","219840"
"2024-05-15T00:00:00.000","SIR","7856"
"2024-05-15T00:00:00.000","Subway","4114615"
"2024-05-16T00:00:00.000","AAR","35940"
"2024-05-16T00:00:00.000","Bus","1306481"
"2024-05-16T00:00:00.000","LIRR","243988"
"2024-05-16T00:00:00.000","MNR","215601"
"2024-05-16T00:00:00.000","SIR","7590"
"2024-05-16T00:00:00.000","Subway","4105026"
"2024-05-17T00:00:00.000","AAR","34945"
"2024-05-17T00:00:00.000","Bus","1270674"
"2024-05-17T00:00:00.000","LIRR","241980"
"2024-05-17T00:00:00.000","MNR","215838"
"2024-05-17T00:00:00.000","SIR","6569"
"2024-05-17T00:00:00.000","Subway","3816914"
"2024-05-18T00:00:00.000","AAR","21562"
"2024-05-18T00:00:00.000","Bus","792454"
"2024-05-18T00:00:00.000","LIRR","131709"
"2024-05-18T00:00:00.000","MNR","130279"
"2024-05-18T00:00:00.000","SIR","2855"
"2024-05-18T00:00:00.000","Subway","2691368"
"2024-05-19T00:00:00.000","AAR","22305"
"2024-05-19T00:00:00.000","Bus","657256"
"2024-05-19T00:00:00.000","LIRR","112130"
"2024-05-19T00:00:00.000","MNR","106408"
"2024-05-19T00:00:00.000","SIR","2228"
"2024-05-19T00:00:00.000","Subway","2121485"
"2024-05-20T00:00:00.000","AAR","32417"
"2024-05-20T00:00:00.000","Bus","1291703"
"2024-05-20T00:00:00.000","LIRR","236846"
"2024-05-20T00:00:00.000","MNR","216450"
"2024-05-20T00:00:00.000","SIR","7160"
"2024-05-20T00:00:00.000","Subway","3682061"
"2024-05-21T00:00:00.000","AAR","35819"
"2024-05-21T00:00:00.000","Bus","1349876"
"2024-05-21T00:00:00.000","LIRR","252506"
"2024-05-21T00:00:00.000","MNR","234587"
"2024-05-21T00:00:00.000","SIR","7775"
"2024-05-21T00:00:00.000","Subway","4029557"
"2024-05-22T00:00:00.000","AAR","36940"
"2024-05-22T00:00:00.000","Bus","1357841"
"2024-05-22T00:00:00.000","LIRR","258544"
"2024-05-22T00:00:00.000","MNR","233098"
"2024-05-22T00:00:00.000","SIR","8086"
"2024-05-22T00:00:00.000","Subway","4104021"
"2024-05-23T00:00:00.000","AAR","34785"
"2024-05-23T00:00:00.000","Bus","1275297"
"2024-05-23T00:00:00.000","LIRR","250848"
"2024-05-23T00:00:00.000","MNR","215083"
"2024-05-23T00:00:00.000","SIR","7442"
"2024-05-23T00:00:00.000","Subway","3863099"
"2024-05-24T00:00:00.000","AAR","33663"
"2024-05-24T00:00:00.000","Bus","1243655"
"2024-05-24T00:00:00.000","LIRR","250907"
"2024-05-24T00:00:00.000","MNR","209130"
"2024-05-24T00:00:00.000","SIR","6663"
"2024-05-24T00:00:00.000","Subway","3583244"
"2024-05-25T00:00:00.000","AAR","20733"
"2024-05-25T00:00:00.000","Bus","805680"
"2024-05-25T00:00:00.000","LIRR","135961"
"2024-05-25T00:00:00.000","MNR","120036"
"2024-05-25T00:00:00.000","SIR","3031"
"2024-05-25T00:00:00.000","Subway","2347159"
"2024-05-26T00:00:00.000","AAR","22762"
"2024-05-26T00:00:00.000","Bus","652393"
"2024-05-26T00:00:00.000","LIRR","120709"
"2024-05-26T00:00:00.000","MNR","101017"
"2024-05-26T00:00:00.000","SIR","2710"
"2024-05-26T00:00:00.000","Subway","2019012"
"2024-05-27T00:00:00.000","AAR","12673"
"2024-05-27T00:00:00.000","Bus","594031"
"2024-05-27T00:00:00.000","LIRR","99975"
"2024-05-27T00:00:00.000","MNR","81042"
"2024-05-27T00:00:00.000","SIR","2123"
"2024-05-27T00:00:00.000","Subway","1667890"
"2024-05-28T00:00:00.000","AAR","34485"
"2024-05-28T00:00:00.000","Bus","1300611"
"2024-05-28T00:00:00.000","LIRR","257078"
"2024-05-28T00:00:00.000","MNR","227311"
"2024-05-28T00:00:00.000","SIR","7609"
"2024-05-28T00:00:00.000","Subway","3825781"
"2024-05-29T00:00:00.000","AAR","36435"
"2024-05-29T00:00:00.000","Bus","1309889"
"2024-05-29T00:00:00.000","LIRR","254749"
"2024-05-29T00:00:00.000","MNR","227379"
"2024-05-29T00:00:00.000","SIR","8090"
"2024-05-29T00:00:00.000","Subway","4006764"
"2024-05-30T00:00:00.000","AAR","35372"
"2024-05-30T00:00:00.000","Bus","1301028"
"2024-05-30T00:00:00.000","LIRR","253843"
"2024-05-30T00:00:00.000","MNR","219887"
"2024-05-30T00:00:00.000","SIR","7550"
"2024-05-30T00:00:00.000","Subway","3979959"
"2024-05-31T00:00:00.000","AAR","35020"
"2024-05-31T00:00:00.000","Bus","1257526"
"2024-05-31T00:00:00.000","LIRR","245017"
"2024-05-31T00:00:00.000","MNR","211027"
"2024-05-31T00:00:00.000","SIR","6644"
"2024-05-31T00:00:00.000","Subway","3688627"
"2024-06-01T00:00:00.000","AAR","22726"
"2024-06-01T00:00:00.000","Bus","848601"
"2024-06-01T00:00:00.000","LIRR","128555"
"2024-06-01T00:00:00.000","MNR","110948"
"2024-06-01T00:00:00.000","SIR","2980"
"2024-06-01T00:00:00.000","Subway","2446153"
"2024-06-02T00:00:00.000","AAR","22640"
"2024-06-02T00:00:00.000","Bus","651637"
"2024-06-02T00:00:00.000","LIRR","114504"
"2024-06-02T00:00:00.000","MNR","92567"
"2024-06-02T00:00:00.000","SIR","2339"
"2024-06-02T00:00:00.000","Subway","1978037"
"2024-06-03T00:00:00.000","AAR","33679"
"2024-06-03T00:00:00.000","Bus","1294956"
"2024-06-03T00:00:00.000","LIRR","225413"
"2024-06-03T00:00:00.000","MNR","197640"
"2024-06-03T00:00:00.000","SIR","7168"
"2024-06-03T00:00:00.000","Subway","3611491"
"2024-06-04T00:00:00.000","AAR","36865"
"2024-06-04T00:00:00.000","Bus","1327963"
"2024-06-04T00:00:00.000","LIRR","255090"
"2024-06-04T00:00:00.000","MNR","233237"
"2024-06-04T00:00:00.000","SIR","7800"
"2024-06-04T00:00:00.000","Subway","3979793"
"2024-06-05T00:00:00.000","AAR","37800"
"2024-06-05T00:00:00.000","Bus","1338427"
"2024-06-05T00:00:00.000","LIRR","264512"
"2024-06-05T00:00:00.000","MNR","230173"
"2024-06-05T00:00:00.000","SIR","7942"
"2024-06-05T00:00:00.000","Subway","4051943"
"2024-06-06T00:00:00.000","AAR","35234"
"2024-06-06T00:00:00.000","Bus","1207899"
"2024-06-06T00:00:00.000","LIRR","245631"
"2024-06-06T00:00:00.000","MNR","219447"
"2024-06-06T00:00:00.000","SIR","7059"
"2024-06-06T00:00:00.000","Subway","3774324"
"2024-06-07T00:00:00.000","AAR","35464"
"2024-06-07T00:00:00.000","Bus","1254339"
"2024-06-07T00:00:00.000","LIRR","252098"
"2024-06-07T00:00:00.000","MNR","214062"
"2024-06-07T00:00:00.000","SIR","6393"
"2024-06-07T00:00:00.000","Subway","3752412"
"2024-06-08T00:00:00.000","AAR","23371"
"2024-06-08T00:00:00.000","Bus","842779"
"2024-06-08T00:00:00.000","LIRR","159020"
"2024-06-08T00:00:00.000","MNR","135138"
"2024-06-08T00:00:00.000","SIR","3150"
"2024-06-08T00:00:00.000","Subway","2673220"
"2024-06-09T00:00:00.000","AAR","22435"
"2024-06-09T00:00:00.000","Bus","680981"
"2024-06-09T00:00:00.000","LIRR","132945"
"2024-06-09T00:00:00.000","MNR","107497"
"2024-06-09T00:00:00.000","SIR","2492"
"2024-06-09T00:00:00.000","Subway","2134551"
"2024-06-10T00:00:00.000","AAR","32970"
"2024-06-10T00:00:00.000","Bus","1355986"
"2024-06-10T00:00:00.000","LIRR","240121"
"2024-06-10T00:00:00.000","MNR","211542"
"2024-06-10T00:00:00.000","SIR","7701"
"2024-06-10T00:00:00.000","Subway","3702212"
"2024-06-11T00:00:00.000","AAR","36206"
"2024-06-11T00:00:00.000","Bus","1390440"
"2024-06-11T00:00:00.000","LIRR","259101"
"2024-06-11T00:00:00.000","MNR","230796"
"2024-06-11T00:00:00.000","SIR","8500"
"2024-06-11T00:00:00.000","Subway","3995425"
"2024-06-12T00:00:00.000","AAR","36693"
"2024-06-12T00:00:00.000","Bus","1355294"
"2024-06-12T00:00:00.000","LIRR","256255"
"2024-06-12T00:00:00.000","MNR","224305"
"2024-06-12T00:00:00.000","SIR","8138"
"2024-06-12T00:00:00.000","Subway","3977760"
"2024-06-13T00:00:00.000","AAR","35363"
"2024-06-13T00:00:00.000","Bus","1310210"
"2024-06-13T00:00:00.000","LIRR","254575"
"2024-06-13T00:00:00.000","MNR","221855"
"2024-06-13T00:00:00.000","SIR","7675"
"2024-06-13T00:00:00.000","Subway","3936941"
"2024-06-14T00:00:00.000","AAR","34757"
"2024-06-14T00:00:00.000","Bus","1212740"
"2024-06-14T00:00:00.000","LIRR","247019"
"2024-06-14T00:00:00.000","MNR","204586"
"2024-06-14T00:00:00.000","SIR","5973"
"2024-06-14T00:00:00.000","Subway","3517062"
"2024-06-15T00:00:00.000","AAR","23580"
"2024-06-15T00:00:00.000","Bus","851502"
"2024-06-15T00:00:00.000","LIRR","142102"
"2024-06-15T00:00:00.000","MNR","122409"
"2024-06-15T00:00:00.000","SIR","3104"
"2024-06-15T00:00:00.000","Subway","2431810"
"2024-06-16T00:00:00.000","AAR","24200"
"2024-06-16T00:00:00.000","Bus","653946"
"2024-06-16T00:00:00.000","LIRR","130133"
"2024-06-16T00:00:00.000","MNR","109303"
"2024-06-16T00:00:00.000","SIR","2245"
"2024-06-16T00:00:00.000","Subway","1897201"
"2024-06-17T00:00:00.000","AAR","31993"
"2024-06-17T00:00:00.000","Bus","1172762"
"2024-06-17T00:00:00.000","LIRR","242993"
"2024-06-17T00:00:00.000","MNR","215241"
"2024-06-17T00:00:00.000","SIR","6466"
"2024-06-17T00:00:00.000","Subway","3325104"
"2024-06-18T00:00:00.000","AAR","36105"
"2024-06-18T00:00:00.000","Bus","1314338"
"2024-06-18T00:00:00.000","LIRR","260538"
"2024-06-18T00:00:00.000","MNR","242116"
"2024-06-18T00:00:00.000","SIR","7713"
"2024-06-18T00:00:00.000","Subway","3920839"
"2024-06-19T00:00:00.000","AAR","26431"
"2024-06-19T00:00:00.000","Bus","1068172"
"2024-06-19T00:00:00.000","LIRR","232540"
"2024-06-19T00:00:00.000","MNR","206582"
"2024-06-19T00:00:00.000","SIR","4527"
"2024-06-19T00:00:00.000","Subway","3046320"
"2024-06-20T00:00:00.000","AAR","36445"
"2024-06-20T00:00:00.000","Bus","1275626"
"2024-06-20T00:00:00.000","LIRR","255683"
"2024-06-20T00:00:00.000","MNR","227113"
"2024-06-20T00:00:00.000","SIR","7217"
"2024-06-20T00:00:00.000","Subway","3857797"
"2024-06-21T00:00:00.000","AAR","34695"
"2024-06-21T00:00:00.000","Bus","1191812"
"2024-06-21T00:00:00.000","LIRR","244215"
"2024-06-21T00:00:00.000","MNR","211543"
"2024-06-21T00:00:00.000","SIR","6166"
"2024-06-21T00:00:00.000","Subway","3500365"
"2024-06-22T00:00:00.000","AAR","21970"
"2024-06-22T00:00:00.000","Bus","793674"
"2024-06-22T00:00:00.000","LIRR","133102"
"2024-06-22T00:00:00.000","MNR","119962"
"2024-06-22T00:00:00.000","SIR","2743"
"2024-06-22T00:00:00.000","Subway","2385207"
"2024-06-23T00:00:00.000","AAR","21789"
"2024-06-23T00:00:00.000","Bus","648887"
"2024-06-23T00:00:00.000","LIRR","118067"
"2024-06-23T00:00:00.000","MNR","103892"
"2024-06-23T00:00:00.000","SIR","2061"
"2024-06-23T00:00:00.000","Subway","1908786"
"2024-06-24T00:00:00.000","AAR","33300"
"2024-06-24T00:00:00.000","Bus","1227231"
"2024-06-24T00:00:00.000","LIRR","246269"
"2024-06-24T00:00:00.000","MNR","213904"
"2024-06-24T00:00:00.000","SIR","6820"
"2024-06-24T00:00:00.000","Subway","3467845"
"2024-06-25T00:00:00.000","AAR","36669"
"2024-06-25T00:00:00.000","Bus","1269567"
"2024-06-25T00:00:00.000","LIRR","271783"
"2024-06-25T00:00:00.000","MNR","232410"
"2024-06-25T00:00:00.000","SIR","7685"
"2024-06-25T00:00:00.000","Subway","3831447"
"2024-06-26T00:00:00.000","AAR","36344"
"2024-06-26T00:00:00.000","Bus","1267408"
"2024-06-26T00:00:00.000","LIRR","264126"
"2024-06-26T00:00:00.000","MNR","226518"
"2024-06-26T00:00:00.000","SIR","7314"
"2024-06-26T00:00:00.000","Subway","3901100"
"2024-06-27T00:00:00.000","AAR","35155"
"2024-06-27T00:00:00.000","Bus","1214263"
"2024-06-27T00:00:00.000","LIRR","255215"
"2024-06-27T00:00:00.000","MNR","227648"
"2024-06-27T00:00:00.000","SIR","7170"
"2024-06-27T00:00:00.000","Subway","3776811"
"2024-06-28T00:00:00.000","AAR","34111"
"2024-06-28T00:00:00.000","Bus","1141168"
"2024-06-28T00:00:00.000","LIRR","255739"
"2024-06-28T00:00:00.000","MNR","211914"
"2024-06-28T00:00:00.000","SIR","6305"
"2024-06-28T00:00:00.000","Subway","3522732"
"2024-06-29T00:00:00.000","AAR","21904"
"2024-06-29T00:00:00.000","Bus","780229"
"2024-06-29T00:00:00.000","LIRR","138769"
"2024-06-29T00:00:00.000","MNR","119738"
"2024-06-29T00:00:00.000","SIR","2948"
"2024-06-29T00:00:00.000","Subway","2454997"
"2024-06-30T00:00:00.000","AAR","20851"
"2024-06-30T00:00:00.000","Bus","583751"
"2024-06-30T00:00:00.000","LIRR","126526"
"2024-06-30T00:00:00.000","MNR","108244"
"2024-06-30T00:00:00.000","SIR","2268"
"2024-06-30T00:00:00.000","Subway","2002269"
"2024-07-01T00:00:00.000","AAR","32979"
"2024-07-01T00:00:00.000","Bus","1156904"
"2024-07-01T00:00:00.000","LIRR","216906"
"2024-07-01T00:00:00.000","MNR","185943"
"2024-07-01T00:00:00.000","SIR","6947"
"2024-07-01T00:00:00.000","Subway","3273546"
"2024-07-02T00:00:00.000","AAR","35200"
"2024-07-02T00:00:00.000","Bus","1216755"
"2024-07-02T00:00:00.000","LIRR","234535"
"2024-07-02T00:00:00.000","MNR","207844"
"2024-07-02T00:00:00.000","SIR","7431"
"2024-07-02T00:00:00.000","Subway","3542073"
"2024-07-03T00:00:00.000","AAR","36949"
"2024-07-03T00:00:00.000","Bus","1198766"
"2024-07-03T00:00:00.000","LIRR","237577"
"2024-07-03T00:00:00.000","MNR","205176"
"2024-07-03T00:00:00.000","SIR","6758"
"2024-07-03T00:00:00.000","Subway","3409357"
"2024-07-04T00:00:00.000","AAR","17646"
"2024-07-04T00:00:00.000","Bus","643119"
"2024-07-04T00:00:00.000","LIRR","117030"
"2024-07-04T00:00:00.000","MNR","101274"
"2024-07-04T00:00:00.000","SIR","2939"
"2024-07-04T00:00:00.000","Subway","1992244"
"2024-07-05T00:00:00.000","AAR","28776"
"2024-07-05T00:00:00.000","Bus","1001854"
"2024-07-05T00:00:00.000","LIRR","207314"
"2024-07-05T00:00:00.000","MNR","183222"
"2024-07-05T00:00:00.000","SIR","4563"
"2024-07-05T00:00:00.000","Subway","2700734"
"2024-07-06T00:00:00.000","AAR","19730"
"2024-07-06T00:00:00.000","Bus","758425"
"2024-07-06T00:00:00.000","LIRR","119417"
"2024-07-06T00:00:00.000","MNR","110386"
"2024-07-06T00:00:00.000","SIR","2688"
"2024-07-06T00:00:00.000","Subway","2100877"
"2024-07-07T00:00:00.000","AAR","22640"
"2024-07-07T00:00:00.000","Bus","642652"
"2024-07-07T00:00:00.000","LIRR","120316"
"2024-07-07T00:00:00.000","MNR","105041"
"2024-07-07T00:00:00.000","SIR","2167"
"2024-07-07T00:00:00.000","Subway","1804572"
"2024-07-08T00:00:00.000","AAR","33105"
"2024-07-08T00:00:00.000","Bus","1176713"
"2024-07-08T00:00:00.000","LIRR","226613"
"2024-07-08T00:00:00.000","MNR","199454"
"2024-07-08T00:00:00.000","SIR","6499"
"2024-07-08T00:00:00.000","Subway","3228784"
"2024-07-09T00:00:00.000","AAR","35500"
"2024-07-09T00:00:00.000","Bus","1236657"
"2024-07-09T00:00:00.000","LIRR","249970"
"2024-07-09T00:00:00.000","MNR","219843"
"2024-07-09T00:00:00.000","SIR","7176"
"2024-07-09T00:00:00.000","Subway","3605032"
"2024-07-10T00:00:00.000","AAR","37417"
"2024-07-10T00:00:00.000","Bus","1252733"
"2024-07-10T00:00:00.000","LIRR","249781"
"2024-07-10T00:00:00.000","MNR","210993"
"2024-07-10T00:00:00.000","SIR","7393"
"2024-07-10T00:00:00.000","Subway","3691835"
"2024-07-11T00:00:00.000","AAR","35691"
"2024-07-11T00:00:00.000","Bus","1233678"
"2024-07-11T00:00:00.000","LIRR","246250"
"2024-07-11T00:00:00.000","MNR","209174"
"2024-07-11T00:00:00.000","SIR","6914"
"2024-07-11T00:00:00.000","Subway","3688029"
"2024-07-12T00:00:00.000","AAR","34090"
"2024-07-12T00:00:00.000","Bus","1120310"
"2024-07-12T00:00:00.000","LIRR","231084"
"2024-07-12T00:00:00.000","MNR","191828"
"2024-07-12T00:00:00.000","SIR","5586"
"2024-07-12T00:00:00.000","Subway","3261074"
"2024-07-13T00:00:00.000","AAR","20949"
"2024-07-13T00:00:00.000","Bus","743154"
"2024-07-13T00:00:00.000","LIRR","123988"
"2024-07-13T00:00:00.000","MNR","107166"
"2024-07-13T00:00:00.000","SIR","2700"
"2024-07-13T00:00:00.000","Subway","2203283"
"2024-07-14T00:00:00.000","AAR","22682"
"2024-07-14T00:00:00.000","Bus","633752"
"2024-07-14T00:00:00.000","LIRR","119283"
"2024-07-14T00:00:00.000","MNR","97038"
"2024-07-14T00:00:00.000","SIR","2160"
"2024-07-14T00:00:00.000","Subway","1869670"
"2024-07-15T00:00:00.000","AAR","32763"
"2024-07-15T00:00:00.000","Bus","1160722"
"2024-07-15T00:00:00.000","LIRR","233209"
"2024-07-15T00:00:00.000","MNR","202008"
"2024-07-15T00:00:00.000","SIR","6398"
"2024-07-15T00:00:00.000","Subway","3259800"
"2024-07-16T00:00:00.000","AAR","35468"
"2024-07-16T00:00:00.000","Bus","1209152"
"2024-07-16T00:00:00.000","LIRR","249559"
"2024-07-16T00:00:00.000","MNR","220620"
"2024-07-16T00:00:00.000","SIR","6828"
"2024-07-16T00:00:00.000","Subway","3594150"
"2024-07-17T00:00:00.000","AAR","36547"
"2024-07-17T00:00:00.000","Bus","1210515"
"2024-07-17T00:00:00.000","LIRR","248424"
"2024-07-17T00:00:00.000","MNR","214137"
"2024-07-17T00:00:00.000","SIR","6845"
"2024-07-17T00:00:00.000","Subway","3651756"
"2024-07-18T00:00:00.000","AAR","36119"
"2024-07-18T00:00:00.000","Bus","1218605"
"2024-07-18T00:00:00.000","LIRR","241785"
"2024-07-18T00:00:00.000","MNR","211370"
"2024-07-18T00:00:00.000","SIR","7085"
"2024-07-18T00:00:00.000","Subway","3637826"
"2024-07-19T00:00:00.000","AAR","34718"
"2024-07-19T00:00:00.000","Bus","1207102"
"2024-07-19T00:00:00.000","LIRR","243438"
"2024-07-19T00:00:00.000","MNR","206922"
"2024-07-19T00:00:00.000","SIR","6480"
"2024-07-19T00:00:00.000","Subway","3372874"
"2024-07-20T00:00:00.000","AAR","19961"
"2024-07-20T00:00:00.000","Bus","803868"
"2024-07-20T00:00:00.000","LIRR","131910"
"2024-07-20T00:00:00.000","MNR","125050"
"2024-07-20T00:00:00.000","SIR","2688"
"2024-07-20T00:00:00.000","Subway","2269647"
"2024-07-21T00:00:00.000","AAR","21664"
"2024-07-21T00:00:00.000","Bus","659004"
"2024-07-21T00:00:00.000","LIRR","126169"
"2024-07-21T00:00:00.000","MNR","111438"
"2024-07-21T00:00:00.000","SIR","2080"
"2024-07-21T00:00:00.000","Subway","1877704"
"2024-07-22T00:00:00.000","AAR","32431"
"2024-07-22T00:00:00.000","Bus","1168226"
"2024-07-22T00:00:00.000","LIRR","231813"
"2024-07-22T00:00:00.000","MNR","215087"
"2024-07-22T00:00:00.000","SIR","6510"
"2024-07-22T00:00:00.000","Subway","3235343"
"2024-07-23T00:00:00.000","AAR","35110"
"2024-07-23T00:00:00.000","Bus","1211237"
"2024-07-23T00:00:00.000","LIRR","247915"
"2024-07-23T00:00:00.000","MNR","229841"
"2024-07-23T00:00:00.000","SIR","7177"
"2024-07-23T00:00:00.000","Subway","3606656"
"2024-07-24T00:00:00.000","AAR","36652"
"2024-07-24T00:00:00.000","Bus","1220410"
"2024-07-24T00:00:00.000","LIRR","249158"
"2024-07-24T00:00:00.000","MNR","224862"
"2024-07-24T00:00:00.000","SIR","7260"
"2024-07-24T00:00:00.000","Subway","3656472"
"2024-07-25T00:00:00.000","AAR","35373"
"2024-07-25T00:00:00.000","Bus","1220056"
"2024-07-25T00:00:00.000","LIRR","255367"
"2024-07-25T00:00:00.000","MNR","214281"
"2024-07-25T00:00:00.000","SIR","6850"
"2024-07-25T00:00:00.000","Subway","3638351"
"2024-07-26T00:00:00.000","AAR","34431"
"2024-07-26T00:00:00.000","Bus","1154709"
"2024-07-26T00:00:00.000","LIRR","247475"
"2024-07-26T00:00:00.000","MNR","201321"
"2024-07-26T00:00:00.000","SIR","5946"
"2024-07-26T00:00:00.000","Subway","3288849"
"2024-07-27T00:00:00.000","AAR","22582"
"2024-07-27T00:00:00.000","Bus","809660"
"2024-07-27T00:00:00.000","LIRR","138344"
"2024-07-27T00:00:00.000","MNR","125101"
"2024-07-27T00:00:00.000","SIR","2991"
"2024-07-27T00:00:00.000","Subway","2306948"
"2024-07-28T00:00:00.000","AAR","22027"
"2024-07-28T00:00:00.000","Bus","645704"
"2024-07-28T00:00:00.000","LIRR","121226"
"2024-07-28T00:00:00.000","MNR","99516"
"2024-07-28T00:00:00.000","SIR","2214"
"2024-07-28T00:00:00.000","Subway","1851383"
"2024-07-29T00:00:00.000","AAR","32067"
"2024-07-29T00:00:00.000","Bus","1147023"
"2024-07-29T00:00:00.000","LIRR","233537"
"2024-07-29T00:00:00.000","MNR","200999"
"2024-07-29T00:00:00.000","SIR","6240"
"2024-07-29T00:00:00.000","Subway","3202281"
"2024-07-30T00:00:00.000","AAR","34911"
"2024-07-30T00:00:00.000","Bus","1228387"
"2024-07-30T00:00:00.000","LIRR","251398"
"2024-07-30T00:00:00.000","MNR","220120"
"2024-07-30T00:00:00.000","SIR","7217"
"2024-07-30T00:00:00.000","Subway","3590241"
"2024-07-31T00:00:00.000","AAR","35765"
"2024-07-31T00:00:00.000","Bus","1213507"
"2024-07-31T00:00:00.000","LIRR","248316"
"2024-07-31T00:00:00.000","MNR","213562"
"2024-07-31T00:00:00.000","SIR","7018"
"2024-07-31T00:00:00.000","Subway","3576343"
"2024-08-01T00:00:00.000","AAR","35878"
"2024-08-01T00:00:00.000","Bus","1208275"
"2024-08-01T00:00:00.000","LIRR","229131"
"2024-08-01T00:00:00.000","MNR","194439"
"2024-08-01T00:00:00.000","SIR","6902"
"2024-08-01T00:00:00.000","Subway","3544663"
"2024-08-02T00:00:00.000","AAR","34487"
"2024-08-02T00:00:00.000","Bus","1111340"
"2024-08-02T00:00:00.000","LIRR","215453"
"2024-08-02T00:00:00.000","MNR","181008"
"2024-08-02T00:00:00.000","SIR","5784"
"2024-08-02T00:00:00.000","Subway","3153955"
"2024-08-03T00:00:00.000","AAR","22133"
"2024-08-03T00:00:00.000","Bus","741482"
"2024-08-03T00:00:00.000","LIRR","123922"
"2024-08-03T00:00:00.000","MNR","109769"
"2024-08-03T00:00:00.000","SIR","2852"
"2024-08-03T00:00:00.000","Subway","2200373"
"2024-08-04T00:00:00.000","AAR","22186"
"2024-08-04T00:00:00.000","Bus","588249"
"2024-08-04T00:00:00.000","LIRR","108959"
"2024-08-04T00:00:00.000","MNR","92383"
"2024-08-04T00:00:00.000","SIR","2099"
"2024-08-04T00:00:00.000","Subway","1752861"
"2024-08-05T00:00:00.000","AAR","33112"
"2024-08-05T00:00:00.000","Bus","1154644"
"2024-08-05T00:00:00.000","LIRR","234345"
"2024-08-05T00:00:00.000","MNR","192078"
"2024-08-05T00:00:00.000","SIR","6375"
"2024-08-05T00:00:00.000","Subway","3222601"
"2024-08-06T00:00:00.000","AAR","35331"
"2024-08-06T00:00:00.000","Bus","1130325"
"2024-08-06T00:00:00.000","LIRR","234650"
"2024-08-06T00:00:00.000","MNR","207212"
"2024-08-06T00:00:00.000","SIR","6974"
"2024-08-06T00:00:00.000","Subway","3462581"
"2024-08-07T00:00:00.000","AAR","36667"
"2024-08-07T00:00:00.000","Bus","1117450"
"2024-08-07T00:00:00.000","LIRR","239223"
"2024-08-07T00:00:00.000","MNR","202867"
"2024-08-07T00:00:00.000","SIR","6593"
"2024-08-07T00:00:00.000","Subway","3511253"
"2024-08-08T00:00:00.000","AAR","35509"
"2024-08-08T00:00:00.000","Bus","1108956"
"2024-08-08T00:00:00.000","LIRR","230083"
"2024-08-08T00:00:00.000","MNR","196259"
"2024-08-08T00:00:00.000","SIR","6466"
"2024-08-08T00:00:00.000","Subway","3490217"
"2024-08-09T00:00:00.000","AAR","32193"
"2024-08-09T00:00:00.000","Bus","1039488"
"2024-08-09T00:00:00.000","LIRR","215973"
"2024-08-09T00:00:00.000","MNR","170622"
"2024-08-09T00:00:00.000","SIR","5202"
"2024-08-09T00:00:00.000","Subway","3041276"
"2024-08-10T00:00:00.000","AAR","22199"
"2024-08-10T00:00:00.000","Bus","777613"
"2024-08-10T00:00:00.000","LIRR","133623"
"2024-08-10T00:00:00.000","MNR","119101"
"2024-08-10T00:00:00.000","SIR","3156"
"2024-08-10T00:00:00.000","Subway","2356405"
"2024-08-11T00:00:00.000","AAR","22996"
"2024-08-11T00:00:00.000","Bus","614435"
"2024-08-11T00:00:00.000","LIRR","121004"
"2024-08-11T00:00:00.000","MNR","103975"
"2024-08-11T00:00:00.000","SIR","2552"
"2024-08-11T00:00:00.000","Subway","1918748"
"2024-08-12T00:00:00.000","AAR","33127"
"2024-08-12T00:00:00.000","Bus","1106072"
"2024-08-12T00:00:00.000","LIRR","231099"
"2024-08-12T00:00:00.000","MNR","191415"
"2024-08-12T00:00:00.000","SIR","6337"
"2024-08-12T00:00:00.000","Subway","3169180"
"2024-08-13T00:00:00.000","AAR","35503"
"2024-08-13T00:00:00.000","Bus","1158412"
"2024-08-13T00:00:00.000","LIRR","242459"
"2024-08-13T00:00:00.000","MNR","205674"
"2024-08-13T00:00:00.000","SIR","7002"
"2024-08-13T00:00:00.000","Subway","3491612"
"2024-08-14T00:00:00.000","AAR","37606"
"2024-08-14T00:00:00.000","Bus","1182980"
"2024-08-14T00:00:00.000","LIRR","242186"
"2024-08-14T00:00:00.000","MNR","202330"
"2024-08-14T00:00:00.000","SIR","7028"
"2024-08-14T00:00:00.000","Subway","3544668"
"2024-08-15T00:00:00.000","AAR","36343"
"2024-08-15T00:00:00.000","Bus","1182864"
"2024-08-15T00:00:00.000","LIRR","241573"
"2024-08-15T00:00:00.000","MNR","196106"
"2024-08-15T00:00:00.000","SIR","6528"
"2024-08-15T00:00:00.000","Subway","3495671"
"2024-08-16T00:00:00.000","AAR","34676"
"2024-08-16T00:00:00.000","Bus","1123673"
"2024-08-16T00:00:00.000","LIRR","235035"
"2024-08-16T00:00:00.000","MNR","185953"
"2024-08-16T00:00:00.000","SIR","5596"
"2024-08-16T00:00:00.000","Subway","3198733"
"2024-08-17T00:00:00.000","AAR","22797"
"2024-08-17T00:00:00.000","Bus","767022"
"2024-08-17T00:00:00.000","LIRR","135948"
"2024-08-17T00:00:00.000","MNR","112928"
"2024-08-17T00:00:00.000","SIR","2880"
"2024-08-17T00:00:00.000","Subway","2256233"
"2024-08-18T00:00:00.000","AAR","20897"
"2024-08-18T00:00:00.000","Bus","578595"
"2024-08-18T00:00:00.000","LIRR","106004"
"2024-08-18T00:00:00.000","MNR","82177"
"2024-08-18T00:00:00.000","SIR","1953"
"2024-08-18T00:00:00.000","Subway","1713050"
"2024-08-19T00:00:00.000","AAR","31668"
"2024-08-19T00:00:00.000","Bus","1090594"
"2024-08-19T00:00:00.000","LIRR","224656"
"2024-08-19T00:00:00.000","MNR","183503"
"2024-08-19T00:00:00.000","SIR","5870"
"2024-08-19T00:00:00.000","Subway","3076559"
"2024-08-20T00:00:00.000","AAR","34985"
"2024-08-20T00:00:00.000","Bus","1164259"
"2024-08-20T00:00:00.000","LIRR","250304"
"2024-08-20T00:00:00.000","MNR","211051"
"2024-08-20T00:00:00.000","SIR","6877"
"2024-08-20T00:00:00.000","Subway","3475888"
"2024-08-21T00:00:00.000","AAR","36401"
"2024-08-21T00:00:00.000","Bus","1159036"
"2024-08-21T00:00:00.000","LIRR","247076"
"2024-08-21T00:00:00.000","MNR","204853"
"2024-08-21T00:00:00.000","SIR","6910"
"2024-08-21T00:00:00.000","Subway","3498651"
"2024-08-22T00:00:00.000","AAR","34997"
"2024-08-22T00:00:00.000","Bus","1140225"
"2024-08-22T00:00:00.000","LIRR","245912"
"2024-08-22T00:00:00.000","MNR","199777"
"2024-08-22T00:00:00.000","SIR","6458"
"2024-08-22T00:00:00.000","Subway","3427911"
"2024-08-23T00:00:00.000","AAR","33653"
"2024-08-23T00:00:00.000","Bus","1095768"
"2024-08-23T00:00:00.000","LIRR","235738"
"2024-08-23T00:00:00.000","MNR","196218"
"2024-08-23T00:00:00.000","SIR","5827"
"2024-08-23T00:00:00.000","Subway","3209666"
"2024-08-24T00:00:00.000","AAR","22523"
"2024-08-24T00:00:00.000","Bus","776019"
"2024-08-24T00:00:00.000","LIRR","146684"
"2024-08-24T00:00:00.000","MNR","119252"
"2024-08-24T00:00:00.000","SIR","3025"
"2024-08-24T00:00:00.000","Subway","2332624"
"2024-08-25T00:00:00.000","AAR","22347"
"2024-08-25T00:00:00.000","Bus","629302"
"2024-08-25T00:00:00.000","LIRR","130885"
"2024-08-25T00:00:00.000","MNR","101267"
"2024-08-25T00:00:00.000","SIR","2309"
"2024-08-25T00:00:00.000","Subway","1905818"
"2024-08-26T00:00:00.000","AAR","31233"
"2024-08-26T00:00:00.000","Bus","1104199"
"2024-08-26T00:00:00.000","LIRR","244138"
"2024-08-26T00:00:00.000","MNR","186630"
"2024-08-26T00:00:00.000","SIR","5896"
"2024-08-26T00:00:00.000","Subway","3113498"
"2024-08-27T00:00:00.000","AAR","34997"
"2024-08-27T00:00:00.000","Bus","1177841"
"2024-08-27T00:00:00.000","LIRR","261771"
"2024-08-27T00:00:00.000","MNR","201834"
"2024-08-27T00:00:00.000","SIR","6713"
"2024-08-27T00:00:00.000","Subway","3477101"
"2024-08-28T00:00:00.000","AAR","36079"
"2024-08-28T00:00:00.000","Bus","1203770"
"2024-08-28T00:00:00.000","LIRR","257194"
"2024-08-28T00:00:00.000","MNR","195873"
"2024-08-28T00:00:00.000","SIR","6656"
"2024-08-28T00:00:00.000","Subway","3516674"
"2024-08-29T00:00:00.000","AAR","35044"
"2024-08-29T00:00:00.000","Bus","1203629"
"2024-08-29T00:00:00.000","LIRR","261935"
"2024-08-29T00:00:00.000","MNR","192714"
"2024-08-29T00:00:00.000","SIR","6446"
"2024-08-29T00:00:00.000","Subway","3438760"
"2024-08-30T00:00:00.000","AAR","33968"
"2024-08-30T00:00:00.000","Bus","1132406"
"2024-08-30T00:00:00.000","LIRR","255954"
"2024-08-30T00:00:00.000","MNR","195334"
"2024-08-30T00:00:00.000","SIR","5287"
"2024-08-30T00:00:00.000","Subway","3152242"
"2024-08-31T00:00:00.000","AAR","21518"
"2024-08-31T00:00:00.000","Bus","771634"
"2024-08-31T00:00:00.000","LIRR","149890"
"2024-08-31T00:00:00.000","MNR","119313"
"2024-08-31T00:00:00.000","SIR","2471"
"2024-08-31T00:00:00.000","Subway","2158004"
"2024-09-01T00:00:00.000","AAR","22880"
"2024-09-01T00:00:00.000","Bus","658803"
"2024-09-01T00:00:00.000","LIRR","120499"
"2024-09-01T00:00:00.000","MNR","95622"
"2024-09-01T00:00:00.000","SIR","2149"
"2024-09-01T00:00:00.000","Subway","1969350"
"2024-09-02T00:00:00.000","AAR","14939"
"2024-09-02T00:00:00.000","Bus","629636"
"2024-09-02T00:00:00.000","LIRR","134118"
"2024-09-02T00:00:00.000","MNR","95598"
"2024-09-02T00:00:00.000","SIR","2571"
"2024-09-02T00:00:00.000","Subway","2007446"
"2024-09-03T00:00:00.000","AAR","35977"
"2024-09-03T00:00:00.000","Bus","1323572"
"2024-09-03T00:00:00.000","LIRR","263763"
"2024-09-03T00:00:00.000","MNR","220831"
"2024-09-03T00:00:00.000","SIR","7337"
"2024-09-03T00:00:00.000","Subway","3629404"
"2024-09-04T00:00:00.000","AAR","38623"
"2024-09-04T00:00:00.000","Bus","1372412"
"2024-09-04T00:00:00.000","LIRR","271660"
"2024-09-04T00:00:00.000","MNR","225508"
"2024-09-04T00:00:00.000","SIR","7588"
"2024-09-04T00:00:00.000","Subway","3868854"
"2024-09-05T00:00:00.000","AAR","37475"
"2024-09-05T00:00:00.000","Bus","1434726"
"2024-09-05T00:00:00.000","LIRR","262639"
"2024-09-05T00:00:00.000","MNR","220098"
"2024-09-05T00:00:00.000","SIR","7475"
"2024-09-05T00:00:00.000","Subway","4033322"
"2024-09-06T00:00:00.000","AAR","36478"
"2024-09-06T00:00:00.000","Bus","1397369"
"2024-09-06T00:00:00.000","LIRR","258126"
"2024-09-06T00:00:00.000","MNR","202757"
"2024-09-06T00:00:00.000","SIR","6606"
"2024-09-06T00:00:00.000","Subway","3794952"
"2024-09-07T00:00:00.000","AAR","21477"
"2024-09-07T00:00:00.000","Bus","841695"
"2024-09-07T00:00:00.000","LIRR","137291"
"2024-09-07T00:00:00.000","MNR","105974"
"2024-09-07T00:00:00.000","SIR","2874"
"2024-09-07T00:00:00.000","Subway","2479639"
"2024-09-08T00:00:00.000","AAR","23760"
"2024-09-08T00:00:00.000","Bus","724969"
"2024-09-08T00:00:00.000","LIRR","120584"
"2024-09-08T00:00:00.000","MNR","98767"
"2024-09-08T00:00:00.000","SIR","2280"
"2024-09-08T00:00:00.000","Subway","2101048"
"2024-09-09T00:00:00.000","AAR","35327"
"2024-09-09T00:00:00.000","Bus","1458059"
"2024-09-09T00:00:00.000","LIRR","247296"
"2024-09-09T00:00:00.000","MNR","214384"
"2024-09-09T00:00:00.000","SIR","7724"
"2024-09-09T00:00:00.000","Subway","3811344"
"2024-09-10T00:00:00.000","AAR","38230"
"2024-09-10T00:00:00.000","Bus","1510358"
"2024-09-10T00:00:00.000","LIRR","263027"
"2024-09-10T00:00:00.000","MNR","233290"
"2024-09-10T00:00:00.000","SIR","8495"
"2024-09-10T00:00:00.000","Subway","4182405"
"2024-09-11T00:00:00.000","AAR","39031"
"2024-09-11T00:00:00.000","Bus","1489570"
"2024-09-11T00:00:00.000","LIRR","263710"
"2024-09-11T00:00:00.000","MNR","228252"
"2024-09-11T00:00:00.000","SIR","9107"
"2024-09-11T00:00:00.000","Subway","4214707"
"2024-09-12T00:00:00.000","AAR","38778"
"2024-09-12T00:00:00.000","Bus","1515496"
"2024-09-12T00:00:00.000","LIRR","263539"
"2024-09-12T00:00:00.000","MNR","228985"
"2024-09-12T00:00:00.000","SIR","8174"
"2024-09-12T00:00:00.000","Subway","4232214"
"2024-09-13T00:00:00.000","AAR","37297"
"2024-09-13T00:00:00.000","Bus","1442741"
"2024-09-13T00:00:00.000","LIRR","254945"
"2024-09-13T00:00:00.000","MNR","219747"
"2024-09-13T00:00:00.000","SIR","6989"
"2024-09-13T00:00:00.000","Subway","3911412"
"2024-09-14T00:00:00.000","AAR","24473"
"2024-09-14T00:00:00.000","Bus","913017"
"2024-09-14T00:00:00.000","LIRR","145099"
"2024-09-14T00:00:00.000","MNR","136864"
"2024-09-14T00:00:00.000","SIR","3402"
"2024-09-14T00:00:00.000","Subway","2706474"
"2024-09-15T00:00:00.000","AAR","24154"
"2024-09-15T00:00:00.000","Bus","705080"
"2024-09-15T00:00:00.000","LIRR","128174"
"2024-09-15T00:00:00.000","MNR","118303"
"2024-09-15T00:00:00.000","SIR","2605"
"2024-09-15T00:00:00.000","Subway","2161737"
"2024-09-16T00:00:00.000","AAR","35319"
"2024-09-16T00:00:00.000","Bus","1473843"
"2024-09-16T00:00:00.000","LIRR","254618"
"2024-09-16T00:00:00.000","MNR","215601"
"2024-09-16T00:00:00.000","SIR","7734"
"2024-09-16T00:00:00.000","Subway","3821428"
"2024-09-17T00:00:00.000","AAR","38667"
"2024-09-17T00:00:00.000","Bus","1536675"
"2024-09-17T00:00:00.000","LIRR","268678"
"2024-09-17T00:00:00.000","MNR","232809"
"2024-09-17T00:00:00.000","SIR","8503"
"2024-09-17T00:00:00.000","Subway","4189311"
"2024-09-18T00:00:00.000","AAR","39300"
"2024-09-18T00:00:00.000","Bus","1539412"
"2024-09-18T00:00:00.000","LIRR","281624"
"2024-09-18T00:00:00.000","MNR","229697"
"2024-09-18T00:00:00.000","SIR","8603"
"2024-09-18T00:00:00.000","Subway","4232888"
"2024-09-19T00:00:00.000","AAR","38515"
"2024-09-19T00:00:00.000","Bus","1547727"
"2024-09-19T00:00:00.000","LIRR","272725"
"2024-09-19T00:00:00.000","MNR","226944"
"2024-09-19T00:00:00.000","SIR","8367"
"2024-09-19T00:00:00.000","Subway","4255184"
"2024-09-20T00:00:00.000","AAR","36687"
"2024-09-20T00:00:00.000","Bus","1471585"
"2024-09-20T00:00:00.000","LIRR","270065"
"2024-09-20T00:00:00.000","MNR","215673"
"2024-09-20T00:00:00.000","SIR","7029"
"2024-09-20T00:00:00.000","Subway","3933048"
"2024-09-21T00:00:00.000","AAR","23611"
"2024-09-21T00:00:00.000","Bus","950423"
"2024-09-21T00:00:00.000","LIRR","160150"
"2024-09-21T00:00:00.000","MNR","133469"
"2024-09-21T00:00:00.000","SIR","3736"
"2024-09-21T00:00:00.000","Subway","2744632"
"2024-09-22T00:00:00.000","AAR","23164"
"2024-09-22T00:00:00.000","Bus","737715"
"2024-09-22T00:00:00.000","LIRR","131192"
"2024-09-22T00:00:00.000","MNR","102752"
"2024-09-22T00:00:00.000","SIR","2560"
"2024-09-22T00:00:00.000","Subway","2131910"
"2024-09-23T00:00:00.000","AAR","34543"
"2024-09-23T00:00:00.000","Bus","1457916"
"2024-09-23T00:00:00.000","LIRR","250701"
"2024-09-23T00:00:00.000","MNR","218237"
"2024-09-23T00:00:00.000","SIR","7994"
"2024-09-23T00:00:00.000","Subway","3898806"
"2024-09-24T00:00:00.000","AAR","37488"
"2024-09-24T00:00:00.000","Bus","1500066"
"2024-09-24T00:00:00.000","LIRR","270524"
"2024-09-24T00:00:00.000","MNR","240779"
"2024-09-24T00:00:00.000","SIR","8938"
"2024-09-24T00:00:00.000","Subway","4323708"
"2024-09-25T00:00:00.000","AAR","37829"
"2024-09-25T00:00:00.000","Bus","1487149"
"2024-09-25T00:00:00.000","LIRR","267471"
"2024-09-25T00:00:00.000","MNR","236202"
"2024-09-25T00:00:00.000","SIR","8904"
"2024-09-25T00:00:00.000","Subway","4335945"
"2024-09-26T00:00:00.000","AAR","37117"
"2024-09-26T00:00:00.000","Bus","1467648"
"2024-09-26T00:00:00.000","LIRR","264141"
"2024-09-26T00:00:00.000","MNR","228971"
"2024-09-26T00:00:00.000","SIR","8216"
"2024-09-26T00:00:00.000","Subway","4295723"
"2024-09-27T00:00:00.000","AAR","35968"
"2024-09-27T00:00:00.000","Bus","1438524"
"2024-09-27T00:00:00.000","LIRR","258258"
"2024-09-27T00:00:00.000","MNR","221034"
"2024-09-27T00:00:00.000","SIR","6992"
"2024-09-27T00:00:00.000","Subway","3945383"
"2024-09-28T00:00:00.000","AAR","22142"
"2024-09-28T00:00:00.000","Bus","863284"
"2024-09-28T00:00:00.000","LIRR","134408"
"2024-09-28T00:00:00.000","MNR","132177"
"2024-09-28T00:00:00.000","SIR","2928"
"2024-09-28T00:00:00.000","Subway","2557982"
"2024-09-29T00:00:00.000","AAR","22340"
"2024-09-29T00:00:00.000","Bus","664367"
"2024-09-29T00:00:00.000","LIRR","117572"
"2024-09-29T00:00:00.000","MNR","102805"
"2024-09-29T00:00:00.000","SIR","2782"
"2024-09-29T00:00:00.000","Subway","1959363"
"2024-09-30T00:00:00.000","AAR","34701"
"2024-09-30T00:00:00.000","Bus","1486507"
"2024-09-30T00:00:00.000","LIRR","256547"
"2024-09-30T00:00:00.000","MNR","217897"
"2024-09-30T00:00:00.000","SIR","7845"
"2024-09-30T00:00:00.000","Subway","3849138"
"2024-10-01T00:00:00.000","AAR","38299"
"2024-10-01T00:00:00.000","Bus","1546620"
"2024-10-01T00:00:00.000","LIRR","247737"
"2024-10-01T00:00:00.000","MNR","218836"
"2024-10-01T00:00:00.000","SIR","9716"
"2024-10-01T00:00:00.000","Subway","4179363"
"2024-10-02T00:00:00.000","AAR","38330"
"2024-10-02T00:00:00.000","Bus","1504660"
"2024-10-02T00:00:00.000","LIRR","258854"
"2024-10-02T00:00:00.000","MNR","227124"
"2024-10-02T00:00:00.000","SIR","9543"
"2024-10-02T00:00:00.000","Subway","4068073"
"2024-10-03T00:00:00.000","AAR","35952"
"2024-10-03T00:00:00.000","Bus","1333760"
"2024-10-03T00:00:00.000","LIRR","246586"
"2024-10-03T00:00:00.000","MNR","217197"
"2024-10-03T00:00:00.000","SIR","7273"
"2024-10-03T00:00:00.000","Subway","3627528"
"2024-10-04T00:00:00.000","AAR","35371"
"2024-10-04T00:00:00.000","Bus","1313232"
"2024-10-04T00:00:00.000","LIRR","251723"
"2024-10-04T00:00:00.000","MNR","215328"
"2024-10-04T00:00:00.000","SIR","6361"
"2024-10-04T00:00:00.000","Subway","3506654"
"2024-10-05T00:00:00.000","AAR","23775"
"2024-10-05T00:00:00.000","Bus","953356"
"2024-10-05T00:00:00.000","LIRR","142657"
"2024-10-05T00:00:00.000","MNR","148928"
"2024-10-05T00:00:00.000","SIR","4086"
"2024-10-05T00:00:00.000","Subway","2710146"
"2024-10-06T00:00:00.000","AAR","23677"
"2024-10-06T00:00:00.000","Bus","737760"
"2024-10-06T00:00:00.000","LIRR","111257"
"2024-10-06T00:00:00.000","MNR","105906"
"2024-10-06T00:00:00.000","SIR","2534"
"2024-10-06T00:00:00.000","Subway","2065294"
"2024-10-07T00:00:00.000","AAR","35754"
"2024-10-07T00:00:00.000","Bus","1478576"
"2024-10-07T00:00:00.000","LIRR","250063"
"2024-10-07T00:00:00.000","MNR","220335"
"2024-10-07T00:00:00.000","SIR","8833"
"2024-10-07T00:00:00.000","Subway","3847055"
"2024-10-08T00:00:00.000","AAR","39100"
"2024-10-08T00:00:00.000","Bus","1554839"
"2024-10-08T00:00:00.000","LIRR","275934"
"2024-10-08T00:00:00.000","MNR","235974"
"2024-10-08T00:00:00.000","SIR","10259"
"2024-10-08T00:00:00.000","Subway","4256950"
"2024-10-09T00:00:00.000","AAR","39877"
"2024-10-09T00:00:00.000","Bus","1555422"
"2024-10-09T00:00:00.000","LIRR","275026"
"2024-10-09T00:00:00.000","MNR","234694"
"2024-10-09T00:00:00.000","SIR","9926"
"2024-10-09T00:00:00.000","Subway","4313211"
"2024-10-10T00:00:00.000","AAR","38911"
"2024-10-10T00:00:00.000","Bus","1534201"
"2024-10-10T00:00:00.000","LIRR","272428"
"2024-10-10T00:00:00.000","MNR","233710"
"2024-10-10T00:00:00.000","SIR","9495"
"2024-10-10T00:00:00.000","Subway","4329161"
"2024-10-11T00:00:00.000","AAR","37027"
"2024-10-11T00:00:00.000","Bus","1435476"
"2024-10-11T00:00:00.000","LIRR","257460"
"2024-10-11T00:00:00.000","MNR","224122"
"2024-10-11T00:00:00.000","SIR","7977"
"2024-10-11T00:00:00.000","Subway","3868564"
"2024-10-12T00:00:00.000","AAR","23525"
"2024-10-12T00:00:00.000","Bus","940999"
"2024-10-12T00:00:00.000","LIRR","149093"
"2024-10-12T00:00:00.000","MNR","144234"
"2024-10-12T00:00:00.000","SIR","3409"
"2024-10-12T00:00:00.000","Subway","2587128"
"2024-10-13T00:00:00.000","AAR","23354"
"2024-10-13T00:00:00.000","Bus","744866"
"2024-10-13T00:00:00.000","LIRR","127619"
"2024-10-13T00:00:00.000","MNR","120235"
"2024-10-13T00:00:00.000","SIR","3574"
"2024-10-13T00:00:00.000","Subway","2153429"
"2024-10-14T00:00:00.000","AAR","26827"
"2024-10-14T00:00:00.000","Bus","1076828"
"2024-10-14T00:00:00.000","LIRR","240501"
"2024-10-14T00:00:00.000","MNR","225263"
"2024-10-14T00:00:00.000","SIR","5124"
"2024-10-14T00:00:00.000","Subway","3066851"
"2024-10-15T00:00:00.000","AAR","38788"
"2024-10-15T00:00:00.000","Bus","1487706"
"2024-10-15T00:00:00.000","LIRR","270652"
"2024-10-15T00:00:00.000","MNR","249266"
"2024-10-15T00:00:00.000","SIR","9369"
"2024-10-15T00:00:00.000","Subway","4284818"
"2024-10-16T00:00:00.000","AAR","39579"
"2024-10-16T00:00:00.000","Bus","1495298"
"2024-10-16T00:00:00.000","LIRR","279608"
"2024-10-16T00:00:00.000","MNR","236091"
"2024-10-16T00:00:00.000","SIR","9783"
"2024-10-16T00:00:00.000","Subway","4357117"
"2024-10-17T00:00:00.000","AAR","37093"
"2024-10-17T00:00:00.000","Bus","1496057"
"2024-10-17T00:00:00.000","LIRR","277906"
"2024-10-17T00:00:00.000","MNR","237000"
"2024-10-17T00:00:00.000","SIR","9362"
"2024-10-17T00:00:00.000","Subway","4309633"
"2024-10-18T00:00:00.000","AAR","36732"
"2024-10-18T00:00:00.000","Bus","1443165"
"2024-10-18T00:00:00.000","LIRR","272133"
"2024-10-18T00:00:00.000","MNR","229999"
"2024-10-18T00:00:00.000","SIR","8258"
"2024-10-18T00:00:00.000","Subway","4030998"
"2024-10-19T00:00:00.000","AAR","24053"
"2024-10-19T00:00:00.000","Bus","930951"
"2024-10-19T00:00:00.000","LIRR","156212"
"2024-10-19T00:00:00.000","MNR","147214"
"2024-10-19T00:00:00.000","SIR","3588"
"2024-10-19T00:00:00.000","Subway","2752350"
"2024-10-20T00:00:00.000","AAR","24069"
"2024-10-20T00:00:00.000","Bus","733271"
"2024-10-20T00:00:00.000","LIRR","127452"
"2024-10-20T00:00:00.000","MNR","122789"
"2024-10-20T00:00:00.000","SIR","2606"
"2024-10-20T00:00:00.000","Subway","2176476"
"2024-10-21T00:00:00.000","AAR","35133"
"2024-10-21T00:00:00.000","Bus","1471964"
"2024-10-21T00:00:00.000","LIRR","247857"
"2024-10-21T00:00:00.000","MNR","219983"
"2024-10-21T00:00:00.000","SIR","8975"
"2024-10-21T00:00:00.000","Subway","3842315"
"2024-10-22T00:00:00.000","AAR","38656"
"2024-10-22T00:00:00.000","Bus","1528809"
"2024-10-22T00:00:00.000","LIRR","268294"
"2024-10-22T00:00:00.000","MNR","237771"
"2024-10-22T00:00:00.000","SIR","9628"
"2024-10-22T00:00:00.000","Subway","4218881"
"2024-10-23T00:00:00.000","AAR","39211"
"2024-10-23T00:00:00.000","Bus","1537563"
"2024-10-23T00:00:00.000","LIRR","257031"
"2024-10-23T00:00:00.000","MNR","233881"
"2024-10-23T00:00:00.000","SIR","9629"
"2024-10-23T00:00:00.000","Subway","4276606"
"2024-10-24T00:00:00.000","AAR","36754"
"2024-10-24T00:00:00.000","Bus","1484054"
"2024-10-24T00:00:00.000","LIRR","260193"
"2024-10-24T00:00:00.000","MNR","232459"
"2024-10-24T00:00:00.000","SIR","9653"
"2024-10-24T00:00:00.000","Subway","4304831"
"2024-10-25T00:00:00.000","AAR","36635"
"2024-10-25T00:00:00.000","Bus","1376080"
"2024-10-25T00:00:00.000","LIRR","262815"
"2024-10-25T00:00:00.000","MNR","223941"
"2024-10-25T00:00:00.000","SIR","8083"
"2024-10-25T00:00:00.000","Subway","4019790"
"2024-10-26T00:00:00.000","AAR","24066"
"2024-10-26T00:00:00.000","Bus","960099"
"2024-10-26T00:00:00.000","LIRR","143111"
"2024-10-26T00:00:00.000","MNR","148103"
"2024-10-26T00:00:00.000","SIR","3423"
"2024-10-26T00:00:00.000","Subway","2828539"
"2024-10-27T00:00:00.000","AAR","23888"
"2024-10-27T00:00:00.000","Bus","740417"
"2024-10-27T00:00:00.000","LIRR","120849"
"2024-10-27T00:00:00.000","MNR","115917"
"2024-10-27T00:00:00.000","SIR","2556"
"2024-10-27T00:00:00.000","Subway","2208683"
"2024-10-28T00:00:00.000","AAR","35666"
"2024-10-28T00:00:00.000","Bus","1473020"
"2024-10-28T00:00:00.000","LIRR","253923"
"2024-10-28T00:00:00.000","MNR","229873"
"2024-10-28T00:00:00.000","SIR","8936"
"2024-10-28T00:00:00.000","Subway","3983168"
"2024-10-29T00:00:00.000","AAR","38621"
"2024-10-29T00:00:00.000","Bus","1514830"
"2024-10-29T00:00:00.000","LIRR","272526"
"2024-10-29T00:00:00.000","MNR","249585"
"2024-10-29T00:00:00.000","SIR","9803"
"2024-10-29T00:00:00.000","Subway","4378791"
"2024-10-30T00:00:00.000","AAR","40468"
"2024-10-30T00:00:00.000","Bus","1533630"
"2024-10-30T00:00:00.000","LIRR","267007"
"2024-10-30T00:00:00.000","MNR","246035"
"2024-10-30T00:00:00.000","SIR","9878"
"2024-10-30T00:00:00.000","Subway","4417951"
"2024-10-31T00:00:00.000","AAR","37639"
"2024-10-31T00:00:00.000","Bus","1423507"
"2024-10-31T00:00:00.000","LIRR","257756"
"2024-10-31T00:00:00.000","MNR","221856"
"2024-10-31T00:00:00.000","SIR","8741"
"2024-10-31T00:00:00.000","Subway","4340272"
"2024-11-01T00:00:00.000","AAR","37306"
"2024-11-01T00:00:00.000","Bus","1290003"
"2024-11-01T00:00:00.000","LIRR","213535"
"2024-11-01T00:00:00.000","MNR","185052"
"2024-11-01T00:00:00.000","SIR","6363"
"2024-11-01T00:00:00.000","Subway","3780874"
"2024-11-02T00:00:00.000","AAR","24481"
"2024-11-02T00:00:00.000","Bus","924453"
"2024-11-02T00:00:00.000","LIRR","138761"
"2024-11-02T00:00:00.000","MNR","134522"
"2024-11-02T00:00:00.000","SIR","3273"
"2024-11-02T00:00:00.000","Subway","2817106"
"2024-11-03T00:00:00.000","AAR","21758"
"2024-11-03T00:00:00.000","Bus","647668"
"2024-11-03T00:00:00.000","LIRR","132720"
"2024-11-03T00:00:00.000","MNR","123028"
"2024-11-03T00:00:00.000","SIR","4095"
"2024-11-03T00:00:00.000","Subway","2602870"
"2024-11-04T00:00:00.000","AAR","36716"
"2024-11-04T00:00:00.000","Bus","1450761"
"2024-11-04T00:00:00.000","LIRR","243884"
"2024-11-04T00:00:00.000","MNR","216014"
"2024-11-04T00:00:00.000","SIR","7765"
"2024-11-04T00:00:00.000","Subway","3949699"
"2024-11-05T00:00:00.000","AAR","36106"
"2024-11-05T00:00:00.000","Bus","1321929"
"2024-11-05T00:00:00.000","LIRR","244078"
"2024-11-05T00:00:00.000","MNR","213516"
"2024-11-05T00:00:00.000","SIR","6691"
"2024-11-05T00:00:00.000","Subway","3640246"
"2024-11-06T00:00:00.000","AAR","40044"
"2024-11-06T00:00:00.000","Bus","1490566"
"2024-11-06T00:00:00.000","LIRR","256311"
"2024-11-06T00:00:00.000","MNR","221461"
"2024-11-06T00:00:00.000","SIR","8324"
"2024-11-06T00:00:00.000","Subway","4113411"
"2024-11-07T00:00:00.000","AAR","39248"
"2024-11-07T00:00:00.000","Bus","1499670"
"2024-11-07T00:00:00.000","LIRR","259228"
"2024-11-07T00:00:00.000","MNR","226007"
"2024-11-07T00:00:00.000","SIR","8177"
"2024-11-07T00:00:00.000","Subway","4232190"
"2024-11-08T00:00:00.000","AAR","38062"
"2024-11-08T00:00:00.000","Bus","1428851"
"2024-11-08T00:00:00.000","LIRR","245087"
"2024-11-08T00:00:00.000","MNR","213611"
"2024-11-08T00:00:00.000","SIR","7038"
"2024-11-08T00:00:00.000","Subway","3971878"
"2024-11-09T00:00:00.000","AAR","24198"
"2024-11-09T00:00:00.000","Bus","920210"
"2024-11-09T00:00:00.000","LIRR","133329"
"2024-11-09T00:00:00.000","MNR","134651"
"2024-11-09T00:00:00.000","SIR","3270"
"2024-11-09T00:00:00.000","Subway","2770474"
"2024-11-10T00:00:00.000","AAR","23972"
"2024-11-10T00:00:00.000","Bus","713083"
"2024-11-10T00:00:00.000","LIRR","105256"
"2024-11-10T00:00:00.000","MNR","103048"
"2024-11-10T00:00:00.000","SIR","2321"
"2024-11-10T00:00:00.000","Subway","2117144"
"2024-11-11T00:00:00.000","AAR","28032"
"2024-11-11T00:00:00.000","Bus","1173328"
"2024-11-11T00:00:00.000","LIRR","236005"
"2024-11-11T00:00:00.000","MNR","206579"
"2024-11-11T00:00:00.000","SIR","5534"
"2024-11-11T00:00:00.000","Subway","3277617"
"2024-11-12T00:00:00.000","AAR","39828"
"2024-11-12T00:00:00.000","Bus","1487306"
"2024-11-12T00:00:00.000","LIRR","264372"
"2024-11-12T00:00:00.000","MNR","234752"
"2024-11-12T00:00:00.000","SIR","8595"
"2024-11-12T00:00:00.000","Subway","4263199"
"2024-11-13T00:00:00.000","AAR","41143"
"2024-11-13T00:00:00.000","Bus","1496105"
"2024-11-13T00:00:00.000","LIRR","257349"
"2024-11-13T00:00:00.000","MNR","229455"
"2024-11-13T00:00:00.000","SIR","8342"
"2024-11-13T00:00:00.000","Subway","4331024"
"2024-11-14T00:00:00.000","AAR","40039"
"2024-11-14T00:00:00.000","Bus","1476496"
"2024-11-14T00:00:00.000","LIRR","251765"
"2024-11-14T00:00:00.000","MNR","217969"
"2024-11-14T00:00:00.000","SIR","8022"
"2024-11-14T00:00:00.000","Subway","4296568"
"2024-11-15T00:00:00.000","AAR","39068"
"2024-11-15T00:00:00.000","Bus","1386340"
"2024-11-15T00:00:00.000","LIRR","247886"
"2024-11-15T00:00:00.000","MNR","214139"
"2024-11-15T00:00:00.000","SIR","6829"
"2024-11-15T00:00:00.000","Subway","3986526"
"2024-11-16T00:00:00.000","AAR","24556"
"2024-11-16T00:00:00.000","Bus","919983"
"2024-11-16T00:00:00.000","LIRR","137240"
"2024-11-16T00:00:00.000","MNR","132742"
"2024-11-16T00:00:00.000","SIR","3013"
"2024-11-16T00:00:00.000","Subway","2789132"
"2024-11-17T00:00:00.000","AAR","24320"
"2024-11-17T00:00:00.000","Bus","719084"
"2024-11-17T00:00:00.000","LIRR","118405"
"2024-11-17T00:00:00.000","MNR","101707"
"2024-11-17T00:00:00.000","SIR","2403"
"2024-11-17T00:00:00.000","Subway","2101806"
"2024-11-18T00:00:00.000","AAR","36682"
"2024-11-18T00:00:00.000","Bus","1442803"
"2024-11-18T00:00:00.000","LIRR","246602"
"2024-11-18T00:00:00.000","MNR","214015"
"2024-11-18T00:00:00.000","SIR","7739"
"2024-11-18T00:00:00.000","Subway","3900958"
"2024-11-19T00:00:00.000","AAR","39803"
"2024-11-19T00:00:00.000","Bus","1504152"
"2024-11-19T00:00:00.000","LIRR","260621"
"2024-11-19T00:00:00.000","MNR","235198"
"2024-11-19T00:00:00.000","SIR","8396"
"2024-11-19T00:00:00.000","Subway","4277932"
"2024-11-20T00:00:00.000","AAR","41321"
"2024-11-20T00:00:00.000","Bus","1508975"
"2024-11-20T00:00:00.000","LIRR","261795"
"2024-11-20T00:00:00.000","MNR","232558"
"2024-11-20T00:00:00.000","SIR","8694"
"2024-11-20T00:00:00.000","Subway","4298945"
"2024-11-21T00:00:00.000","AAR","38930"
"2024-11-21T00:00:00.000","Bus","1352576"
"2024-11-21T00:00:00.000","LIRR","247779"
"2024-11-21T00:00:00.000","MNR","217248"
"2024-11-21T00:00:00.000","SIR","7755"
"2024-11-21T00:00:00.000","Subway","4217744"
"2024-11-22T00:00:00.000","AAR","37694"
"2024-11-22T00:00:00.000","Bus","1304306"
"2024-11-22T00:00:00.000","LIRR","240803"
"2024-11-22T00:00:00.000","MNR","205229"
"2024-11-22T00:00:00.000","SIR","6493"
"2024-11-22T00:00:00.000","Subway","3854860"
"2024-11-23T00:00:00.000","AAR","23654"
"2024-11-23T00:00:00.000","Bus","903100"
"2024-11-23T00:00:00.000","LIRR","144950"
"2024-11-23T00:00:00.000","MNR","134514"
"2024-11-23T00:00:00.000","SIR","3057"
"2024-11-23T00:00:00.000","Subway","2720244"
"2024-11-24T00:00:00.000","AAR","24470"
"2024-11-24T00:00:00.000","Bus","712523"
"2024-11-24T00:00:00.000","LIRR","115037"
"2024-11-24T00:00:00.000","MNR","104157"
"2024-11-24T00:00:00.000","SIR","2333"
"2024-11-24T00:00:00.000","Subway","2075015"
"2024-11-25T00:00:00.000","AAR","37257"
"2024-11-25T00:00:00.000","Bus","1440435"
"2024-11-25T00:00:00.000","LIRR","259180"
"2024-11-25T00:00:00.000","MNR","221649"
"2024-11-25T00:00:00.000","SIR","8190"
"2024-11-25T00:00:00.000","Subway","3914213"
"2024-11-26T00:00:00.000","AAR","39718"
"2024-11-26T00:00:00.000","Bus","1412275"
"2024-11-26T00:00:00.000","LIRR","263231"
"2024-11-26T00:00:00.000","MNR","233673"
"2024-11-26T00:00:00.000","SIR","8100"
"2024-11-26T00:00:00.000","Subway","4030009"
"2024-11-27T00:00:00.000","AAR","35540"
"2024-11-27T00:00:00.000","Bus","1370366"
"2024-11-27T00:00:00.000","LIRR","284694"
"2024-11-27T00:00:00.000","MNR","243529"
"2024-11-27T00:00:00.000","SIR","7495"
"2024-11-27T00:00:00.000","Subway","3710430"
"2024-11-28T00:00:00.000","AAR","26674"
"2024-11-28T00:00:00.000","Bus","462819"
"2024-11-28T00:00:00.000","LIRR","115895"
"2024-11-28T00:00:00.000","MNR","103402"
"2024-11-28T00:00:00.000","SIR","2095"
"2024-11-28T00:00:00.000","Subway","1513447"
"2024-11-29T00:00:00.000","AAR","19887"
"2024-11-29T00:00:00.000","Bus","910730"
"2024-11-29T00:00:00.000","LIRR","243219"
"2024-11-29T00:00:00.000","MNR","219251"
"2024-11-29T00:00:00.000","SIR","4139"
"2024-11-29T00:00:00.000","Subway","2677499"
"2024-11-30T00:00:00.000","AAR","19542"
"2024-11-30T00:00:00.000","Bus","787685"
"2024-11-30T00:00:00.000","LIRR","148820"
"2024-11-30T00:00:00.000","MNR","135368"
"2024-11-30T00:00:00.000","SIR","2916"
"2024-11-30T00:00:00.000","Subway","2319981"
"2024-12-01T00:00:00.000","AAR","22046"
"2024-12-01T00:00:00.000","Bus","629660"
"2024-12-01T00:00:00.000","LIRR","116806"
"2024-12-01T00:00:00.000","MNR","103768"
"2024-12-01T00:00:00.000","SIR","2006"
"2024-12-01T00:00:00.000","Subway","1893492"
"2024-12-02T00:00:00.000","AAR","36224"
"2024-12-02T00:00:00.000","Bus","1371135"
"2024-12-02T00:00:00.000","LIRR","240375"
"2024-12-02T00:00:00.000","MNR","209021"
"2024-12-02T00:00:00.000","SIR","7622"
"2024-12-02T00:00:00.000","Subway","3813795"
"2024-12-03T00:00:00.000","AAR","40193"
"2024-12-03T00:00:00.000","Bus","1455281"
"2024-12-03T00:00:00.000","LIRR","266544"
"2024-12-03T00:00:00.000","MNR","234201"
"2024-12-03T00:00:00.000","SIR","8289"
"2024-12-03T00:00:00.000","Subway","4240442"
"2024-12-04T00:00:00.000","AAR","41858"
"2024-12-04T00:00:00.000","Bus","1446527"
"2024-12-04T00:00:00.000","LIRR","254632"
"2024-12-04T00:00:00.000","MNR","224379"
"2024-12-04T00:00:00.000","SIR","8265"
"2024-12-04T00:00:00.000","Subway","4374883"
"2024-12-05T00:00:00.000","AAR","39358"
"2024-12-05T00:00:00.000","Bus","1401376"
"2024-12-05T00:00:00.000","LIRR","254255"
"2024-12-05T00:00:00.000","MNR","215246"
"2024-12-05T00:00:00.000","SIR","7971"
"2024-12-05T00:00:00.000","Subway","4354863"
"2024-12-06T00:00:00.000","AAR","38598"
"2024-12-06T00:00:00.000","Bus","1340421"
"2024-12-06T00:00:00.000","LIRR","242555"
"2024-12-06T00:00:00.000","MNR","206009"
"2024-12-06T00:00:00.000","SIR","6812"
"2024-12-06T00:00:00.000","Subway","4121085"
"2024-12-07T00:00:00.000","AAR","24071"
"2024-12-07T00:00:00.000","Bus","883693"
"2024-12-07T00:00:00.000","LIRR","149946"
"2024-12-07T00:00:00.000","MNR","139193"
"2024-12-07T00:00:00.000","SIR","2926"
"2024-12-07T00:00:00.000","Subway","3017208"
"2024-12-08T00:00:00.000","AAR","24671"
"2024-12-08T00:00:00.000","Bus","708798"
"2024-12-08T00:00:00.000","LIRR","122147"
"2024-12-08T00:00:00.000","MNR","107390"
"2024-12-08T00:00:00.000","SIR","2395"
"2024-12-08T00:00:00.000","Subway","2348950"
"2024-12-09T00:00:00.000","AAR","36847"
"2024-12-09T00:00:00.000","Bus","1369917"
"2024-12-09T00:00:00.000","LIRR","243001"
"2024-12-09T00:00:00.000","MNR","211638"
"2024-12-09T00:00:00.000","SIR","7292"
"2024-12-09T00:00:00.000","Subway","3941361"
"2024-12-10T00:00:00.000","AAR","40973"
"2024-12-10T00:00:00.000","Bus","1444209"
"2024-12-10T00:00:00.000","LIRR","265077"
"2024-12-10T00:00:00.000","MNR","234161"
"2024-12-10T00:00:00.000","SIR","8214"
"2024-12-10T00:00:00.000","Subway","4374063"
"2024-12-11T00:00:00.000","AAR","39455"
"2024-12-11T00:00:00.000","Bus","1353141"
"2024-12-11T00:00:00.000","LIRR","253052"
"2024-12-11T00:00:00.000","MNR","222538"
"2024-12-11T00:00:00.000","SIR","7923"
"2024-12-11T00:00:00.000","Subway","4255328"
"2024-12-12T00:00:00.000","AAR","41074"
"2024-12-12T00:00:00.000","Bus","1431599"
"2024-12-12T00:00:00.000","LIRR","269149"
"2024-12-12T00:00:00.000","MNR","236210"
"2024-12-12T00:00:00.000","SIR","8108"
"2024-12-12T00:00:00.000","Subway","4527892"
"2024-12-13T00:00:00.000","AAR","39020"
"2024-12-13T00:00:00.000","Bus","1347451"
"2024-12-13T00:00:00.000","LIRR","248254"
"2024-12-13T00:00:00.000","MNR","222096"
"2024-12-13T00:00:00.000","SIR","6931"
"2024-12-13T00:00:00.000","Subway","4178812"
"2024-12-14T00:00:00.000","AAR","25602"
"2024-12-14T00:00:00.000","Bus","882335"
"2024-12-14T00:00:00.000","LIRR","161398"
"2024-12-14T00:00:00.000","MNR","159083"
"2024-12-14T00:00:00.000","SIR","3452"
"2024-12-14T00:00:00.000","Subway","3123454"
"2024-12-15T00:00:00.000","AAR","24831"
"2024-12-15T00:00:00.000","Bus","694080"
"2024-12-15T00:00:00.000","LIRR","120386"
"2024-12-15T00:00:00.000","MNR","108880"
"2024-12-15T00:00:00.000","SIR","2376"
"2024-12-15T00:00:00.000","Subway","2337436"
"2024-12-16T00:00:00.000","AAR","37015"
"2024-12-16T00:00:00.000","Bus","1277624"
"2024-12-16T00:00:00.000","LIRR","239706"
"2024-12-16T00:00:00.000","MNR","206160"
"2024-12-16T00:00:00.000","SIR","7096"
"2024-12-16T00:00:00.000","Subway","3866550"
"2024-12-17T00:00:00.000","AAR","40830"
"2024-12-17T00:00:00.000","Bus","1457557"
"2024-12-17T00:00:00.000","LIRR","266960"
"2024-12-17T00:00:00.000","MNR","237348"
"2024-12-17T00:00:00.000","SIR","8439"
"2024-12-17T00:00:00.000","Subway","4341385"
"2024-12-18T00:00:00.000","AAR","41792"
"2024-12-18T00:00:00.000","Bus","1430923"
"2024-12-18T00:00:00.000","LIRR","266741"
"2024-12-18T00:00:00.000","MNR","229302"
"2024-12-18T00:00:00.000","SIR","8068"
"2024-12-18T00:00:00.000","Subway","4292792"
"2024-12-19T00:00:00.000","AAR","40565"
"2024-12-19T00:00:00.000","Bus","1431183"
"2024-12-19T00:00:00.000","LIRR","267033"
"2024-12-19T00:00:00.000","MNR","227613"
"2024-12-19T00:00:00.000","SIR","7861"
"2024-12-19T00:00:00.000","Subway","4255466"
"2024-12-20T00:00:00.000","AAR","38582"
"2024-12-20T00:00:00.000","Bus","1296068"
"2024-12-20T00:00:00.000","LIRR","247250"
"2024-12-20T00:00:00.000","MNR","213269"
"2024-12-20T00:00:00.000","SIR","6493"
"2024-12-20T00:00:00.000","Subway","3842344"
"2024-12-21T00:00:00.000","AAR","23289"
"2024-12-21T00:00:00.000","Bus","788267"
"2024-12-21T00:00:00.000","LIRR","147327"
"2024-12-21T00:00:00.000","MNR","138248"
"2024-12-21T00:00:00.000","SIR","2973"
"2024-12-21T00:00:00.000","Subway","2645323"
"2024-12-22T00:00:00.000","AAR","23526"
"2024-12-22T00:00:00.000","Bus","607735"
"2024-12-22T00:00:00.000","LIRR","121379"
"2024-12-22T00:00:00.000","MNR","110023"
"2024-12-22T00:00:00.000","SIR","2330"
"2024-12-22T00:00:00.000","Subway","2061173"
"2024-12-23T00:00:00.000","AAR","33496"
"2024-12-23T00:00:00.000","Bus","1087369"
"2024-12-23T00:00:00.000","LIRR","253495"
"2024-12-23T00:00:00.000","MNR","210375"
"2024-12-23T00:00:00.000","SIR","5776"
"2024-12-23T00:00:00.000","Subway","3216875"
"2024-12-24T00:00:00.000","AAR","29443"
"2024-12-24T00:00:00.000","Bus","906044"
"2024-12-24T00:00:00.000","LIRR","211807"
"2024-12-24T00:00:00.000","MNR","173267"
"2024-12-24T00:00:00.000","SIR","4272"
"2024-12-24T00:00:00.000","Subway","2546394"
"2024-12-25T00:00:00.000","AAR","18972"
"2024-12-25T00:00:00.000","Bus","417229"
"2024-12-25T00:00:00.000","LIRR","87185"
"2024-12-25T00:00:00.000","MNR","66693"
"2024-12-25T00:00:00.000","SIR","1848"
"2024-12-25T00:00:00.000","Subway","1378374"
"2024-12-26T00:00:00.000","AAR","25211"
"2024-12-26T00:00:00.000","Bus","982867"
"2024-12-26T00:00:00.000","LIRR","240534"
"2024-12-26T00:00:00.000","MNR","203127"
"2024-12-26T00:00:00.000","SIR","5222"
"2024-12-26T00:00:00.000","Subway","2852679"
"2024-12-27T00:00:00.000","AAR","30638"
"2024-12-27T00:00:00.000","Bus","1058666"
"2024-12-27T00:00:00.000","LIRR","254609"
"2024-12-27T00:00:00.000","MNR","225114"
"2024-12-27T00:00:00.000","SIR","5656"
"2024-12-27T00:00:00.000","Subway","3161486"
"2024-12-28T00:00:00.000","AAR","19881"
"2024-12-28T00:00:00.000","Bus","726217"
"2024-12-28T00:00:00.000","LIRR","139519"
"2024-12-28T00:00:00.000","MNR","119418"
"2024-12-28T00:00:00.000","SIR","2757"
"2024-12-28T00:00:00.000","Subway","2268511"
"2024-12-29T00:00:00.000","AAR","22149"
"2024-12-29T00:00:00.000","Bus","664694"
"2024-12-29T00:00:00.000","LIRR","127153"
"2024-12-29T00:00:00.000","MNR","107415"
"2024-12-29T00:00:00.000","SIR","2629"
"2024-12-29T00:00:00.000","Subway","2122120"
"2024-12-30T00:00:00.000","AAR","31713"
"2024-12-30T00:00:00.000","Bus","1111524"
"2024-12-30T00:00:00.000","LIRR","248532"
"2024-12-30T00:00:00.000","MNR","209077"
"2024-12-30T00:00:00.000","SIR","6159"
"2024-12-30T00:00:00.000","Subway","3316046"
"2024-12-31T00:00:00.000","AAR","31482"
"2024-12-31T00:00:00.000","Bus","985813"
"2024-12-31T00:00:00.000","LIRR","223942"
"2024-12-31T00:00:00.000","MNR","186037"
"2024-12-31T00:00:00.000","SIR","4926"
"2024-12-31T00:00:00.000","Subway","2874166"
"2025-01-01T00:00:00.000","AAR","12417"
"2025-01-01T00:00:00.000","Bus","496604"
"2025-01-01T00:00:00.000","LIRR","90318"
"2025-01-01T00:00:00.000","MNR","74690"
"2025-01-01T00:00:00.000","SIR","2040"
"2025-01-01T00:00:00.000","Subway","1779501"
"2025-01-02T00:00:00.000","AAR","31265"
"2025-01-02T00:00:00.000","Bus","1208636"
"2025-01-02T00:00:00.000","LIRR","210914"
"2025-01-02T00:00:00.000","MNR","165475"
"2025-01-02T00:00:00.000","SIR","6548"
"2025-01-02T00:00:00.000","Subway","3377364"
"2025-01-03T00:00:00.000","AAR","35900"
"2025-01-03T00:00:00.000","Bus","1234565"
"2025-01-03T00:00:00.000","LIRR","203652"
"2025-01-03T00:00:00.000","MNR","163577"
"2025-01-03T00:00:00.000","SIR","6243"
"2025-01-03T00:00:00.000","Subway","3413456"
"2025-01-04T00:00:00.000","AAR","21999"
"2025-01-04T00:00:00.000","Bus","781198"
"2025-01-04T00:00:00.000","LIRR","117004"
"2025-01-04T00:00:00.000","MNR","100579"
"2025-01-04T00:00:00.000","SIR","2673"
"2025-01-04T00:00:00.000","Subway","2315791"
"2025-01-05T00:00:00.000","AAR","23665"
"2025-01-05T00:00:00.000","Bus","626644"
"2025-01-05T00:00:00.000","LIRR","96683"
"2025-01-05T00:00:00.000","MNR","79761"
"2025-01-05T00:00:00.000","SIR","2039"
"2025-01-05T00:00:00.000","Subway","1791537"
"2025-01-06T00:00:00.000","AAR","35840"
"2025-01-06T00:00:00.000","Bus","1270655"
"2025-01-06T00:00:00.000","LIRR","229503"
"2025-01-06T00:00:00.000","MNR","202575"
"2025-01-06T00:00:00.000","SIR","6888"
"2025-01-06T00:00:00.000","Subway","3437198"
"2025-01-07T00:00:00.000","AAR","38048"
"2025-01-07T00:00:00.000","Bus","1315134"
"2025-01-07T00:00:00.000","LIRR","245930"
"2025-01-07T00:00:00.000","MNR","220945"
"2025-01-07T00:00:00.000","SIR","7410"
"2025-01-07T00:00:00.000","Subway","3784051"
"2025-01-08T00:00:00.000","AAR","39406"
"2025-01-08T00:00:00.000","Bus","1329939"
"2025-01-08T00:00:00.000","LIRR","239444"
"2025-01-08T00:00:00.000","MNR","209550"
"2025-01-08T00:00:00.000","SIR","7799"
"2025-01-08T00:00:00.000","Subway","3834806"
"2025-01-09T00:00:00.000","AAR","38431"
"2025-01-09T00:00:00.000","Bus","1306116"
"2025-01-09T00:00:00.000","LIRR","229804"
"2025-01-09T00:00:00.000","MNR","198894"
"2025-01-09T00:00:00.000","SIR","6845"
"2025-01-09T00:00:00.000","Subway","3757580"
"2025-01-10T00:00:00.000","AAR","38183"
"2025-01-10T00:00:00.000","Bus","1326845"
"2025-01-10T00:00:00.000","LIRR","226639"
"2025-01-10T00:00:00.000","MNR","189644"
"2025-01-10T00:00:00.000","SIR","6232"
"2025-01-10T00:00:00.000","Subway","3561095"
"2025-01-11T00:00:00.000","AAR","21718"
"2025-01-11T00:00:00.000","Bus","814312"
"2025-01-11T00:00:00.000","LIRR","121021"
"2025-01-11T00:00:00.000","MNR","96491"
"2025-01-11T00:00:00.000","SIR","2397"
"2025-01-11T00:00:00.000","Subway","2333104"
"2025-01-12T00:00:00.000","AAR","23573"
"2025-01-12T00:00:00.000","Bus","667294"
"2025-01-12T00:00:00.000","LIRR","98780"
"2025-01-12T00:00:00.000","MNR","82736"
"2025-01-12T00:00:00.000","SIR","1748"
"2025-01-12T00:00:00.000","Subway","1832507"
"2025-01-13T00:00:00.000","AAR","37067"
"2025-01-13T00:00:00.000","Bus","1366764"
"2025-01-13T00:00:00.000","LIRR","232624"
"2025-01-13T00:00:00.000","MNR","202056"
"2025-01-13T00:00:00.000","SIR","7013"
"2025-01-13T00:00:00.000","Subway","3565093"
"2025-01-14T00:00:00.000","AAR","39810"
"2025-01-14T00:00:00.000","Bus","1395685"
"2025-01-14T00:00:00.000","LIRR","252417"
"2025-01-14T00:00:00.000","MNR","218691"
"2025-01-14T00:00:00.000","SIR","7600"
"2025-01-14T00:00:00.000","Subway","3901919"
"2025-01-15T00:00:00.000","AAR","40471"
"2025-01-15T00:00:00.000","Bus","1391070"
"2025-01-15T00:00:00.000","LIRR","237904"
"2025-01-15T00:00:00.000","MNR","211912"
"2025-01-15T00:00:00.000","SIR","7739"
"2025-01-15T00:00:00.000","Subway","3927198"
"2025-01-16T00:00:00.000","AAR","39239"
"2025-01-16T00:00:00.000","Bus","1394686"
"2025-01-16T00:00:00.000","LIRR","244145"
"2025-01-16T00:00:00.000","MNR","210063"
"2025-01-16T00:00:00.000","SIR","7319"
"2025-01-16T00:00:00.000","Subway","3919882"
"2025-01-17T00:00:00.000","AAR","38857"
"2025-01-17T00:00:00.000","Bus","1356698"
"2025-01-17T00:00:00.000","LIRR","231166"
"2025-01-17T00:00:00.000","MNR","197835"
"2025-01-17T00:00:00.000","SIR","6235"
"2025-01-17T00:00:00.000","Subway","3604425"
"2025-01-18T00:00:00.000","AAR","23229"
"2025-01-18T00:00:00.000","Bus","831369"
"2025-01-18T00:00:00.000","LIRR","122763"
"2025-01-18T00:00:00.000","MNR","103091"
"2025-01-18T00:00:00.000","SIR","2244"
"2025-01-18T00:00:00.000","Subway","2336087"
"2025-01-19T00:00:00.000","AAR","20610"
"2025-01-19T00:00:00.000","Bus","586622"
"2025-01-19T00:00:00.000","LIRR","87352"
"2025-01-19T00:00:00.000","MNR","75906"
"2025-01-19T00:00:00.000","SIR","1709"
"2025-01-19T00:00:00.000","Subway","1828934"
"2025-01-20T00:00:00.000","AAR","17801"
"2025-01-20T00:00:00.000","Bus","797268"
"2025-01-20T00:00:00.000","LIRR","96444"
"2025-01-20T00:00:00.000","MNR","78479"
"2025-01-20T00:00:00.000","SIR","2849"
"2025-01-20T00:00:00.000","Subway","2216281"
"2025-01-21T00:00:00.000","AAR","35218"
"2025-01-21T00:00:00.000","Bus","1252532"
"2025-01-21T00:00:00.000","LIRR","240724"
"2025-01-21T00:00:00.000","MNR","212861"
"2025-01-21T00:00:00.000","SIR","6563"
"2025-01-21T00:00:00.000","Subway","3624134"
"2025-01-22T00:00:00.000","AAR","37701"
"2025-01-22T00:00:00.000","Bus","1289449"
"2025-01-22T00:00:00.000","LIRR","239508"
"2025-01-22T00:00:00.000","MNR","209338"
"2025-01-22T00:00:00.000","SIR","6840"
"2025-01-22T00:00:00.000","Subway","3745833"
"2025-01-23T00:00:00.000","AAR","38358"
"2025-01-23T00:00:00.000","Bus","1361328"
"2025-01-23T00:00:00.000","LIRR","242403"
"2025-01-23T00:00:00.000","MNR","209534"
"2025-01-23T00:00:00.000","SIR","6992"
"2025-01-23T00:00:00.000","Subway","3870712"
"2025-01-24T00:00:00.000","AAR","37509"
"2025-01-24T00:00:00.000","Bus","1318449"
"2025-01-24T00:00:00.000","LIRR","234056"
"2025-01-24T00:00:00.000","MNR","195169"
"2025-01-24T00:00:00.000","SIR","5802"
"2025-01-24T00:00:00.000","Subway","3584146"
"2025-01-25T00:00:00.000","AAR","22654"
"2025-01-25T00:00:00.000","Bus","868042"
"2025-01-25T00:00:00.000","LIRR","130818"
"2025-01-25T00:00:00.000","MNR","103192"
"2025-01-25T00:00:00.000","SIR","2559"
"2025-01-25T00:00:00.000","Subway","2486799"
"2025-01-26T00:00:00.000","AAR","23439"
"2025-01-26T00:00:00.000","Bus","689249"
"2025-01-26T00:00:00.000","LIRR","100305"
"2025-01-26T00:00:00.000","MNR","82565"
"2025-01-26T00:00:00.000","SIR","1964"
"2025-01-26T00:00:00.000","Subway","1882291"
"2025-01-27T00:00:00.000","AAR","36731"
"2025-01-27T00:00:00.000","Bus","1385882"
"2025-01-27T00:00:00.000","LIRR","239834"
"2025-01-27T00:00:00.000","MNR","200074"
"2025-01-27T00:00:00.000","SIR","6779"
"2025-01-27T00:00:00.000","Subway","3612704"
"2025-01-28T00:00:00.000","AAR","39676"
"2025-01-28T00:00:00.000","Bus","1479059"
"2025-01-28T00:00:00.000","LIRR","260461"
"2025-01-28T00:00:00.000","MNR","218807"
"2025-01-28T00:00:00.000","SIR","7596"
"2025-01-28T00:00:00.000","Subway","4057100"
"2025-01-29T00:00:00.000","AAR","39355"
"2025-01-29T00:00:00.000","Bus","1295961"
"2025-01-29T00:00:00.000","LIRR","246641"
"2025-01-29T00:00:00.000","MNR","213599"
"2025-01-29T00:00:00.000","SIR","6678"
"2025-01-29T00:00:00.000","Subway","3735444"
"2025-01-30T00:00:00.000","AAR","39342"
"2025-01-30T00:00:00.000","Bus","1470801"
"2025-01-30T00:00:00.000","LIRR","243926"
"2025-01-30T00:00:00.000","MNR","210602"
"2025-01-30T00:00:00.000","SIR","7370"
"2025-01-30T00:00:00.000","Subway","4088389"
"2025-01-31T00:00:00.000","AAR","75450"
"2025-01-31T00:00:00.000","Bus","1358908"
"2025-01-31T00:00:00.000","LIRR","225159"
"2025-01-31T00:00:00.000","MNR","190971"
"2025-01-31T00:00:00.000","SIR","6031"
"2025-01-31T00:00:00.000","Subway","3624121"
"2025-02-01T00:00:00.000","AAR","47702"
"2025-02-01T00:00:00.000","Bus","895648"
"2025-02-01T00:00:00.000","LIRR","114523"
"2025-02-01T00:00:00.000","MNR","94588"
"2025-02-01T00:00:00.000","SIR","2563"
"2025-02-01T00:00:00.000","Subway","2483263"
"2025-02-02T00:00:00.000","AAR","24063"
"2025-02-02T00:00:00.000","Bus","678873"
"2025-02-02T00:00:00.000","LIRR","132846"
"2025-02-02T00:00:00.000","MNR","72681"
"2025-02-02T00:00:00.000","SIR","1875"
"2025-02-02T00:00:00.000","Subway","1848424"
"2025-02-03T00:00:00.000","AAR","38076"
"2025-02-03T00:00:00.000","Bus","1432408"
"2025-02-03T00:00:00.000","LIRR","223504"
"2025-02-03T00:00:00.000","MNR","183417"
"2025-02-03T00:00:00.000","SIR","7289"
"2025-02-03T00:00:00.000","Subway","3695940"
"2025-02-04T00:00:00.000","AAR","40893"
"2025-02-04T00:00:00.000","Bus","1495880"
"2025-02-04T00:00:00.000","LIRR","259976"
"2025-02-04T00:00:00.000","MNR","219042"
"2025-02-04T00:00:00.000","SIR","8018"
"2025-02-04T00:00:00.000","Subway","4150390"
"2025-02-05T00:00:00.000","AAR","41896"
"2025-02-05T00:00:00.000","Bus","1520952"
"2025-02-05T00:00:00.000","LIRR","248050"
"2025-02-05T00:00:00.000","MNR","213793"
"2025-02-05T00:00:00.000","SIR","8108"
"2025-02-05T00:00:00.000","Subway","4182058"
"2025-02-06T00:00:00.000","AAR","37073"
"2025-02-06T00:00:00.000","Bus","1369499"
"2025-02-06T00:00:00.000","LIRR","229479"
"2025-02-06T00:00:00.000","MNR","182951"
"2025-02-06T00:00:00.000","SIR","6686"
"2025-02-06T00:00:00.000","Subway","3885191"
"2025-02-07T00:00:00.000","AAR","39874"
"2025-02-07T00:00:00.000","Bus","1443307"
"2025-02-07T00:00:00.000","LIRR","236121"
"2025-02-07T00:00:00.000","MNR","197152"
"2025-02-07T00:00:00.000","SIR","6441"
"2025-02-07T00:00:00.000","Subway","3861700"
"2025-02-08T00:00:00.000","AAR","23849"
"2025-02-08T00:00:00.000","Bus","817924"
"2025-02-08T00:00:00.000","LIRR","113264"
"2025-02-08T00:00:00.000","MNR","96754"
"2025-02-08T00:00:00.000","SIR","2681"
"2025-02-08T00:00:00.000","Subway","2538395"
"2025-02-09T00:00:00.000","AAR","20935"
"2025-02-09T00:00:00.000","Bus","571270"
"2025-02-09T00:00:00.000","LIRR","83513"
"2025-02-09T00:00:00.000","MNR","69578"
"2025-02-09T00:00:00.000","SIR","1839"
"2025-02-09T00:00:00.000","Subway","1850257"
"2025-02-10T00:00:00.000","AAR","37718"
"2025-02-10T00:00:00.000","Bus","1429999"
"2025-02-10T00:00:00.000","LIRR","234725"
"2025-02-10T00:00:00.000","MNR","198962"
"2025-02-10T00:00:00.000","SIR","6972"
"2025-02-10T00:00:00.000","Subway","3746029"
"2025-02-11T00:00:00.000","AAR","40378"
"2025-02-11T00:00:00.000","Bus","1492601"
"2025-02-11T00:00:00.000","LIRR","247848"
"2025-02-11T00:00:00.000","MNR","215260"
"2025-02-11T00:00:00.000","SIR","7709"
"2025-02-11T00:00:00.000","Subway","4111749"
"2025-02-12T00:00:00.000","AAR","38659"
"2025-02-12T00:00:00.000","Bus","1400354"
"2025-02-12T00:00:00.000","LIRR","235576"
"2025-02-12T00:00:00.000","MNR","205325"
"2025-02-12T00:00:00.000","SIR","6682"
"2025-02-12T00:00:00.000","Subway","3940993"
"2025-02-13T00:00:00.000","AAR","39932"
"2025-02-13T00:00:00.000","Bus","1467576"
"2025-02-13T00:00:00.000","LIRR","243915"
"2025-02-13T00:00:00.000","MNR","205656"
"2025-02-13T00:00:00.000","SIR","7310"
"2025-02-13T00:00:00.000","Subway","4098104"
"2025-02-14T00:00:00.000","AAR","40125"
"2025-02-14T00:00:00.000","Bus","1392764"
"2025-02-14T00:00:00.000","LIRR","233715"
"2025-02-14T00:00:00.000","MNR","198806"
"2025-02-14T00:00:00.000","SIR","6065"
"2025-02-14T00:00:00.000","Subway","3855445"
"2025-02-15T00:00:00.000","AAR","21226"
"2025-02-15T00:00:00.000","Bus","748078"
"2025-02-15T00:00:00.000","LIRR","105976"
"2025-02-15T00:00:00.000","MNR","91906"
"2025-02-15T00:00:00.000","SIR","2390"
"2025-02-15T00:00:00.000","Subway","2355977"
"2025-02-16T00:00:00.000","AAR","20949"
"2025-02-16T00:00:00.000","Bus","588331"
"2025-02-16T00:00:00.000","LIRR","93199"
"2025-02-16T00:00:00.000","MNR","71059"
"2025-02-16T00:00:00.000","SIR","1674"
"2025-02-16T00:00:00.000","Subway","1809213"
"2025-02-17T00:00:00.000","AAR","21581"
"2025-02-17T00:00:00.000","Bus","911285"
"2025-02-17T00:00:00.000","LIRR","101826"
"2025-02-17T00:00:00.000","MNR","84372"
"2025-02-17T00:00:00.000","SIR","3045"
"2025-02-17T00:00:00.000","Subway","2458343"
"2025-02-18T00:00:00.000","AAR","38691"
"2025-02-18T00:00:00.000","Bus","1279762"
"2025-02-18T00:00:00.000","LIRR","243993"
"2025-02-18T00:00:00.000","MNR","210850"
"2025-02-18T00:00:00.000","SIR","6826"
"2025-02-18T00:00:00.000","Subway","3698061"
"2025-02-19T00:00:00.000","AAR","40363"
"2025-02-19T00:00:00.000","Bus","1318256"
"2025-02-19T00:00:00.000","LIRR","243335"
"2025-02-19T00:00:00.000","MNR","207633"
"2025-02-19T00:00:00.000","SIR","6951"
"2025-02-19T00:00:00.000","Subway","3830039"
"2025-02-20T00:00:00.000","AAR","37671"
"2025-02-20T00:00:00.000","Bus","1300291"
"2025-02-20T00:00:00.000","LIRR","241345"
"2025-02-20T00:00:00.000","MNR","203840"
"2025-02-20T00:00:00.000","SIR","6768"
"2025-02-20T00:00:00.000","Subway","3822211"
"2025-02-21T00:00:00.000","AAR","37660"
"2025-02-21T00:00:00.000","Bus","1231306"
"2025-02-21T00:00:00.000","LIRR","228844"
"2025-02-21T00:00:00.000","MNR","191570"
"2025-02-21T00:00:00.000","SIR","5592"
"2025-02-21T00:00:00.000","Subway","3481093"
"2025-02-22T00:00:00.000","AAR","24126"
"2025-02-22T00:00:00.000","Bus","871144"
"2025-02-22T00:00:00.000","LIRR","116852"
"2025-02-22T00:00:00.000","MNR","101509"
"2025-02-22T00:00:00.000","SIR","2428"
"2025-02-22T00:00:00.000","Subway","2492096"
"2025-02-23T00:00:00.000","AAR","24345"
"2025-02-23T00:00:00.000","Bus","698394"
"2025-02-23T00:00:00.000","LIRR","105060"
"2025-02-23T00:00:00.000","MNR","85701"
"2025-02-23T00:00:00.000","SIR","1885"
"2025-02-23T00:00:00.000","Subway","1905750"
"2025-02-24T00:00:00.000","AAR","37883"
"2025-02-24T00:00:00.000","Bus","1454401"
"2025-02-24T00:00:00.000","LIRR","234816"
"2025-02-24T00:00:00.000","MNR","201187"
"2025-02-24T00:00:00.000","SIR","6915"
"2025-02-24T00:00:00.000","Subway","3722403"
"2025-02-25T00:00:00.000","AAR","41177"
"2025-02-25T00:00:00.000","Bus","1517387"
"2025-02-25T00:00:00.000","LIRR","258241"
"2025-02-25T00:00:00.000","MNR","220142"
"2025-02-25T00:00:00.000","SIR","7891"
"2025-02-25T00:00:00.000","Subway","4094456"
"2025-02-26T00:00:00.000","AAR","42667"
"2025-02-26T00:00:00.000","Bus","1532417"
"2025-02-26T00:00:00.000","LIRR","254446"
"2025-02-26T00:00:00.000","MNR","217753"
"2025-02-26T00:00:00.000","SIR","8103"
"2025-02-26T00:00:00.000","Subway","4202962"
"2025-02-27T00:00:00.000","AAR","40994"
"2025-02-27T00:00:00.000","Bus","1491904"
"2025-02-27T00:00:00.000","LIRR","249988"
"2025-02-27T00:00:00.000","MNR","213554"
"2025-02-27T00:00:00.000","SIR","7617"
"2025-02-27T00:00:00.000","Subway","4123434"
"2025-02-28T00:00:00.000","AAR","40313"
"2025-02-28T00:00:00.000","Bus","1444353"
"2025-02-28T00:00:00.000","LIRR","241045"
"2025-02-28T00:00:00.000","MNR","202576"
"2025-02-28T00:00:00.000","SIR","6564"
"2025-02-28T00:00:00.000","Subway","3867670"
"2025-03-01T00:00:00.000","AAR","25348"
"2025-03-01T00:00:00.000","Bus","947470"
"2025-03-01T00:00:00.000","LIRR","124608"
"2025-03-01T00:00:00.000","MNR","104535"
"2025-03-01T00:00:00.000","SIR","2847"
"2025-03-01T00:00:00.000","Subway","2655494"
"2025-03-02T00:00:00.000","AAR","24730"
"2025-03-02T00:00:00.000","Bus","685236"
"2025-03-02T00:00:00.000","LIRR","90230"
"2025-03-02T00:00:00.000","MNR","75153"
"2025-03-02T00:00:00.000","SIR","1887"
"2025-03-02T00:00:00.000","Subway","1943509"
"2025-03-03T00:00:00.000","AAR","38493"
"2025-03-03T00:00:00.000","Bus","1446066"
"2025-03-03T00:00:00.000","LIRR","227656"
"2025-03-03T00:00:00.000","MNR","190695"
"2025-03-03T00:00:00.000","SIR","7226"
"2025-03-03T00:00:00.000","Subway","3783633"
"2025-03-04T00:00:00.000","AAR","42252"
"2025-03-04T00:00:00.000","Bus","1530724"
"2025-03-04T00:00:00.000","LIRR","257066"
"2025-03-04T00:00:00.000","MNR","222055"
"2025-03-04T00:00:00.000","SIR","7997"
"2025-03-04T00:00:00.000","Subway","4178706"
"2025-03-05T00:00:00.000","AAR","41857"
"2025-03-05T00:00:00.000","Bus","1464569"
"2025-03-05T00:00:00.000","LIRR","246143"
"2025-03-05T00:00:00.000","MNR","211791"
"2025-03-05T00:00:00.000","SIR","7738"
"2025-03-05T00:00:00.000","Subway","4139402"
"2025-03-06T00:00:00.000","AAR","41928"
"2025-03-06T00:00:00.000","Bus","1506745"
"2025-03-06T00:00:00.000","LIRR","248999"
"2025-03-06T00:00:00.000","MNR","214413"
"2025-03-06T00:00:00.000","SIR","7537"
"2025-03-06T00:00:00.000","Subway","4177390"
"2025-03-07T00:00:00.000","AAR","40968"
"2025-03-07T00:00:00.000","Bus","1436637"
"2025-03-07T00:00:00.000","LIRR","243527"
"2025-03-07T00:00:00.000","MNR","203928"
"2025-03-07T00:00:00.000","SIR","6389"
"2025-03-07T00:00:00.000","Subway","3877969"
"2025-03-08T00:00:00.000","AAR","25318"
"2025-03-08T00:00:00.000","Bus","946022"
"2025-03-08T00:00:00.000","LIRR","124078"
"2025-03-08T00:00:00.000","MNR","110319"
"2025-03-08T00:00:00.000","SIR","2614"
"2025-03-08T00:00:00.000","Subway","2662053"
"2025-03-09T00:00:00.000","AAR","25436"
"2025-03-09T00:00:00.000","Bus","717213"
"2025-03-09T00:00:00.000","LIRR","104989"
"2025-03-09T00:00:00.000","MNR","86431"
"2025-03-09T00:00:00.000","SIR","1898"
"2025-03-09T00:00:00.000","Subway","1991779"
"2025-03-10T00:00:00.000","AAR","38272"
"2025-03-10T00:00:00.000","Bus","1480720"
"2025-03-10T00:00:00.000","LIRR","249300"
"2025-03-10T00:00:00.000","MNR","209606"
"2025-03-10T00:00:00.000","SIR","7331"
"2025-03-10T00:00:00.000","Subway","3849712"
"2025-03-11T00:00:00.000","AAR","42531"
"2025-03-11T00:00:00.000","Bus","1547477"
"2025-03-11T00:00:00.000","LIRR","261433"
"2025-03-11T00:00:00.000","MNR","228328"
"2025-03-11T00:00:00.000","SIR","8162"
"2025-03-11T00:00:00.000","Subway","4220071"
"2025-03-12T00:00:00.000","AAR","43034"
"2025-03-12T00:00:00.000","Bus","1558707"
"2025-03-12T00:00:00.000","LIRR","259006"
"2025-03-12T00:00:00.000","MNR","226656"
"2025-03-12T00:00:00.000","SIR","7992"
"2025-03-12T00:00:00.000","Subway","4273439"
"2025-03-13T00:00:00.000","AAR","41922"
"2025-03-13T00:00:00.000","Bus","1545407"
"2025-03-13T00:00:00.000","LIRR","262786"
"2025-03-13T00:00:00.000","MNR","224898"
"2025-03-13T00:00:00.000","SIR","7723"
"2025-03-13T00:00:00.000","Subway","4265918"
"2025-03-14T00:00:00.000","AAR","40590"
"2025-03-14T00:00:00.000","Bus","1461424"
"2025-03-14T00:00:00.000","LIRR","258621"
"2025-03-14T00:00:00.000","MNR","213317"
"2025-03-14T00:00:00.000","SIR","6547"
"2025-03-14T00:00:00.000","Subway","3926685"
"2025-03-15T00:00:00.000","AAR","25703"
"2025-03-15T00:00:00.000","Bus","957923"
"2025-03-15T00:00:00.000","LIRR","142839"
"2025-03-15T00:00:00.000","MNR","119626"
"2025-03-15T00:00:00.000","SIR","2900"
"2025-03-15T00:00:00.000","Subway","2686698"
"2025-03-16T00:00:00.000","AAR","24499"
"2025-03-16T00:00:00.000","Bus","682090"
"2025-03-16T00:00:00.000","LIRR","113968"
"2025-03-16T00:00:00.000","MNR","88439"
"2025-03-16T00:00:00.000","SIR","2114"
"2025-03-16T00:00:00.000","Subway","2111229"
"2025-03-17T00:00:00.000","AAR","37228"
"2025-03-17T00:00:00.000","Bus","1386978"
"2025-03-17T00:00:00.000","LIRR","246824"
"2025-03-17T00:00:00.000","MNR","210355"
"2025-03-17T00:00:00.000","SIR","7185"
"2025-03-17T00:00:00.000","Subway","3751313"
"2025-03-18T00:00:00.000","AAR","42071"
"2025-03-18T00:00:00.000","Bus","1544388"
"2025-03-18T00:00:00.000","LIRR","264924"
"2025-03-18T00:00:00.000","MNR","230580"
"2025-03-18T00:00:00.000","SIR","7913"
"2025-03-18T00:00:00.000","Subway","4232297"
"2025-03-19T00:00:00.000","AAR","43453"
"2025-03-19T00:00:00.000","Bus","1558820"
"2025-03-19T00:00:00.000","LIRR","260031"
"2025-03-19T00:00:00.000","MNR","225253"
"2025-03-19T00:00:00.000","SIR","8090"
"2025-03-19T00:00:00.000","Subway","4274997"
"2025-03-20T00:00:00.000","AAR","41308"
"2025-03-20T00:00:00.000","Bus","1509884"
"2025-03-20T00:00:00.000","LIRR","261511"
"2025-03-20T00:00:00.000","MNR","220117"
"2025-03-20T00:00:00.000","SIR","7492"
"2025-03-20T00:00:00.000","Subway","4191910"
"2025-03-21T00:00:00.000","AAR","40163"
"2025-03-21T00:00:00.000","Bus","1436059"
"2025-03-21T00:00:00.000","LIRR","248037"
"2025-03-21T00:00:00.000","MNR","208980"
"2025-03-21T00:00:00.000","SIR","6422"
"2025-03-21T00:00:00.000","Subway","3873120"
"2025-03-22T00:00:00.000","AAR","25458"
"2025-03-22T00:00:00.000","Bus","961713"
"2025-03-22T00:00:00.000","LIRR","140466"
"2025-03-22T00:00:00.000","MNR","117875"
"2025-03-22T00:00:00.000","SIR","3089"
"2025-03-22T00:00:00.000","Subway","2653512"
"2025-03-23T00:00:00.000","AAR","25724"
"2025-03-23T00:00:00.000","Bus","736298"
"2025-03-23T00:00:00.000","LIRR","105102"
"2025-03-23T00:00:00.000","MNR","91061"
"2025-03-23T00:00:00.000","SIR","2143"
"2025-03-23T00:00:00.000","Subway","2007695"
"2025-03-24T00:00:00.000","AAR","37607"
"2025-03-24T00:00:00.000","Bus","1354459"
"2025-03-24T00:00:00.000","LIRR","242261"
"2025-03-24T00:00:00.000","MNR","204177"
"2025-03-24T00:00:00.000","SIR","6849"
"2025-03-24T00:00:00.000","Subway","3650582"
"2025-03-25T00:00:00.000","AAR","42011"
"2025-03-25T00:00:00.000","Bus","1536843"
"2025-03-25T00:00:00.000","LIRR","265289"
"2025-03-25T00:00:00.000","MNR","228951"
"2025-03-25T00:00:00.000","SIR","8132"
"2025-03-25T00:00:00.000","Subway","4214256"
"2025-03-26T00:00:00.000","AAR","42958"
"2025-03-26T00:00:00.000","Bus","1532389"
"2025-03-26T00:00:00.000","LIRR","265709"
"2025-03-26T00:00:00.000","MNR","223047"
"2025-03-26T00:00:00.000","SIR","7952"
"2025-03-26T00:00:00.000","Subway","4237196"
"2025-03-27T00:00:00.000","AAR","42147"
"2025-03-27T00:00:00.000","Bus","1524578"
"2025-03-27T00:00:00.000","LIRR","261311"
"2025-03-27T00:00:00.000","MNR","231056"
"2025-03-27T00:00:00.000","SIR","7726"
"2025-03-27T00:00:00.000","Subway","4263378"
"2025-03-28T00:00:00.000","AAR","40495"
"2025-03-28T00:00:00.000","Bus","1439850"
"2025-03-28T00:00:00.000","LIRR","246718"
"2025-03-28T00:00:00.000","MNR","209792"
"2025-03-28T00:00:00.000","SIR","6472"
"2025-03-28T00:00:00.000","Subway","3878481"
"2025-03-29T00:00:00.000","AAR","27168"
"2025-03-29T00:00:00.000","Bus","993714"
"2025-03-29T00:00:00.000","LIRR","148404"
"2025-03-29T00:00:00.000","MNR","136492"
"2025-03-29T00:00:00.000","SIR","3110"
"2025-03-29T00:00:00.000","Subway","2887283"
"2025-03-30T00:00:00.000","AAR","25162"
"2025-03-30T00:00:00.000","Bus","726124"
"2025-03-30T00:00:00.000","LIRR","115125"
"2025-03-30T00:00:00.000","MNR","95708"
"2025-03-30T00:00:00.000","SIR","1926"
"2025-03-30T00:00:00.000","Subway","2055899"
"2025-03-31T00:00:00.000","AAR","35803"
"2025-03-31T00:00:00.000","Bus","1276763"
"2025-03-31T00:00:00.000","LIRR","244921"
"2025-03-31T00:00:00.000","MNR","209348"
"2025-03-31T00:00:00.000","SIR","6372"
"2025-03-31T00:00:00.000","Subway","3414357"
"2025-04-01T00:00:00.000","AAR","42115"
"2025-04-01T00:00:00.000","Bus","1536805"
"2025-04-01T00:00:00.000","LIRR","257703"
"2025-04-01T00:00:00.000","MNR","226059"
"2025-04-01T00:00:00.000","SIR","7891"
"2025-04-01T00:00:00.000","Subway","4247056"
"2025-04-02T00:00:00.000","AAR","43403"
"2025-04-02T00:00:00.000","Bus","1543145"
"2025-04-02T00:00:00.000","LIRR","258088"
"2025-04-02T00:00:00.000","MNR","227068"
"2025-04-02T00:00:00.000","SIR","8005"
"2025-04-02T00:00:00.000","Subway","4320984"
"2025-04-03T00:00:00.000","AAR","43300"
"2025-04-03T00:00:00.000","Bus","1515578"
"2025-04-03T00:00:00.000","LIRR","257460"
"2025-04-03T00:00:00.000","MNR","226170"
"2025-04-03T00:00:00.000","SIR","7699"
"2025-04-03T00:00:00.000","Subway","4286943"
"2025-04-04T00:00:00.000","AAR","41478"
"2025-04-04T00:00:00.000","Bus","1465455"
"2025-04-04T00:00:00.000","LIRR","260319"
"2025-04-04T00:00:00.000","MNR","208594"
"2025-04-04T00:00:00.000","SIR","6568"
"2025-04-04T00:00:00.000","Subway","3990036"
"2025-04-05T00:00:00.000","AAR","25947"
"2025-04-05T00:00:00.000","Bus","915296"
"2025-04-05T00:00:00.000","LIRR","128321"
"2025-04-05T00:00:00.000","MNR","110701"
"2025-04-05T00:00:00.000","SIR","2723"
"2025-04-05T00:00:00.000","Subway","2658935"
"2025-04-06T00:00:00.000","AAR","25576"
"2025-04-06T00:00:00.000","Bus","742341"
"2025-04-06T00:00:00.000","LIRR","115809"
"2025-04-06T00:00:00.000","MNR","87900"
"2025-04-06T00:00:00.000","SIR","2049"
"2025-04-06T00:00:00.000","Subway","2059867"
"2025-04-07T00:00:00.000","AAR","39237"
"2025-04-07T00:00:00.000","Bus","1424204"
"2025-04-07T00:00:00.000","LIRR","244565"
"2025-04-07T00:00:00.000","MNR","207119"
"2025-04-07T00:00:00.000","SIR","7069"
"2025-04-07T00:00:00.000","Subway","3848628"
"2025-04-08T00:00:00.000","AAR","42949"
"2025-04-08T00:00:00.000","Bus","1536222"
"2025-04-08T00:00:00.000","LIRR","263712"
"2025-04-08T00:00:00.000","MNR","228166"
"2025-04-08T00:00:00.000","SIR","8014"
"2025-04-08T00:00:00.000","Subway","4324220"
"2025-04-09T00:00:00.000","AAR","44074"
"2025-04-09T00:00:00.000","Bus","1548648"
"2025-04-09T00:00:00.000","LIRR","262570"
"2025-04-09T00:00:00.000","MNR","226464"
"2025-04-09T00:00:00.000","SIR","8147"
"2025-04-09T00:00:00.000","Subway","4343794"
"2025-04-10T00:00:00.000","AAR","43061"
"2025-04-10T00:00:00.000","Bus","1524644"
"2025-04-10T00:00:00.000","LIRR","263157"
"2025-04-10T00:00:00.000","MNR","220604"
"2025-04-10T00:00:00.000","SIR","7667"
"2025-04-10T00:00:00.000","Subway","4299477"
"2025-04-11T00:00:00.000","AAR","40728"
"2025-04-11T00:00:00.000","Bus","1396300"
"2025-04-11T00:00:00.000","LIRR","247547"
"2025-04-11T00:00:00.000","MNR","210055"
"2025-04-11T00:00:00.000","SIR","6310"
"2025-04-11T00:00:00.000","Subway","3864826"
"2025-04-12T00:00:00.000","AAR","25806"
"2025-04-12T00:00:00.000","Bus","842497"
"2025-04-12T00:00:00.000","LIRR","122395"
"2025-04-12T00:00:00.000","MNR","111344"
"2025-04-12T00:00:00.000","SIR","2092"
"2025-04-12T00:00:00.000","Subway","2528127"
"2025-04-13T00:00:00.000","AAR","25731"
"2025-04-13T00:00:00.000","Bus","734980"
"2025-04-13T00:00:00.000","LIRR","108197"
"2025-04-13T00:00:00.000","MNR","102506"
"2025-04-13T00:00:00.000","SIR","1844"
"2025-04-13T00:00:00.000","Subway","2180093"
"2025-04-14T00:00:00.000","AAR","35872"
"2025-04-14T00:00:00.000","Bus","1309503"
"2025-04-14T00:00:00.000","LIRR","246154"
"2025-04-14T00:00:00.000","MNR","224282"
"2025-04-14T00:00:00.000","SIR","6681"
"2025-04-14T00:00:00.000","Subway","3598255"
"2025-04-15T00:00:00.000","AAR","40080"
"2025-04-15T00:00:00.000","Bus","1368277"
"2025-04-15T00:00:00.000","LIRR","270809"
"2025-04-15T00:00:00.000","MNR","239573"
"2025-04-15T00:00:00.000","SIR","7232"
"2025-04-15T00:00:00.000","Subway","3997927"
"2025-04-16T00:00:00.000","AAR","40487"
"2025-04-16T00:00:00.000","Bus","1368776"
"2025-04-16T00:00:00.000","LIRR","262626"
"2025-04-16T00:00:00.000","MNR","236314"
"2025-04-16T00:00:00.000","SIR","7174"
"2025-04-16T00:00:00.000","Subway","4059487"
"2025-04-17T00:00:00.000","AAR","40017"
"2025-04-17T00:00:00.000","Bus","1364437"
"2025-04-17T00:00:00.000","LIRR","275186"
"2025-04-17T00:00:00.000","MNR","233477"
"2025-04-17T00:00:00.000","SIR","6960"
"2025-04-17T00:00:00.000","Subway","4077460"
"2025-04-18T00:00:00.000","AAR","36191"
"2025-04-18T00:00:00.000","Bus","1218484"
"2025-04-18T00:00:00.000","LIRR","260413"
"2025-04-18T00:00:00.000","MNR","224930"
"2025-04-18T00:00:00.000","SIR","5534"
"2025-04-18T00:00:00.000","Subway","3551334"
"2025-04-19T00:00:00.000","AAR","26086"
"2025-04-19T00:00:00.000","Bus","942925"
"2025-04-19T00:00:00.000","LIRR","152672"
"2025-04-19T00:00:00.000","MNR","134808"
"2025-04-19T00:00:00.000","SIR","3316"
"2025-04-19T00:00:00.000","Subway","2880379"
"2025-04-20T00:00:00.000","AAR","28290"
"2025-04-20T00:00:00.000","Bus","682601"
"2025-04-20T00:00:00.000","LIRR","124079"
"2025-04-20T00:00:00.000","MNR","110984"
"2025-04-20T00:00:00.000","SIR","2284"
"2025-04-20T00:00:00.000","Subway","2100218"
"2025-04-21T00:00:00.000","AAR","35874"
"2025-04-21T00:00:00.000","Bus","1424279"
"2025-04-21T00:00:00.000","LIRR","258848"
"2025-04-21T00:00:00.000","MNR","220681"
"2025-04-21T00:00:00.000","SIR","7174"
"2025-04-21T00:00:00.000","Subway","3806992"
"2025-04-22T00:00:00.000","AAR","41427"
"2025-04-22T00:00:00.000","Bus","1534439"
"2025-04-22T00:00:00.000","LIRR","270985"
"2025-04-22T00:00:00.000","MNR","237443"
"2025-04-22T00:00:00.000","SIR","8048"
"2025-04-22T00:00:00.000","Subway","4307321"
"2025-04-23T00:00:00.000","AAR","43714"
"2025-04-23T00:00:00.000","Bus","1547077"
"2025-04-23T00:00:00.000","LIRR","273441"
"2025-04-23T00:00:00.000","MNR","236130"
"2025-04-23T00:00:00.000","SIR","8204"
"2025-04-23T00:00:00.000","Subway","4402438"
"2025-04-24T00:00:00.000","AAR","42722"
"2025-04-24T00:00:00.000","Bus","1542577"
"2025-04-24T00:00:00.000","LIRR","269508"
"2025-04-24T00:00:00.000","MNR","237334"
"2025-04-24T00:00:00.000","SIR","8126"
"2025-04-24T00:00:00.000","Subway","4419648"
"2025-04-25T00:00:00.000","AAR","41123"
"2025-04-25T00:00:00.000","Bus","1477842"
"2025-04-25T00:00:00.000","LIRR","256108"
"2025-04-25T00:00:00.000","MNR","225725"
"2025-04-25T00:00:00.000","SIR","6775"
"2025-04-25T00:00:00.000","Subway","4124744"
"2025-04-26T00:00:00.000","AAR","24813"
"2025-04-26T00:00:00.000","Bus","937070"
"2025-04-26T00:00:00.000","LIRR","128572"
"2025-04-26T00:00:00.000","MNR","112915"
"2025-04-26T00:00:00.000","SIR","2947"
"2025-04-26T00:00:00.000","Subway","2696077"
"2025-04-27T00:00:00.000","AAR","26217"
"2025-04-27T00:00:00.000","Bus","763308"
"2025-04-27T00:00:00.000","LIRR","116980"
"2025-04-27T00:00:00.000","MNR","104529"
"2025-04-27T00:00:00.000","SIR","2308"
"2025-04-27T00:00:00.000","Subway","2329464"
"2025-04-28T00:00:00.000","AAR","38772"
"2025-04-28T00:00:00.000","Bus","1490933"
"2025-04-28T00:00:00.000","LIRR","252796"
"2025-04-28T00:00:00.000","MNR","219281"
"2025-04-28T00:00:00.000","SIR","7535"
"2025-04-28T00:00:00.000","Subway","3946503"
"2025-04-29T00:00:00.000","AAR","42717"
"2025-04-29T00:00:00.000","Bus","1556823"
"2025-04-29T00:00:00.000","LIRR","275022"
"2025-04-29T00:00:00.000","MNR","236516"
"2025-04-29T00:00:00.000","SIR","8166"
"2025-04-29T00:00:00.000","Subway","4350681"
"2025-04-30T00:00:00.000","AAR","44071"
"2025-04-30T00:00:00.000","Bus","1562345"
"2025-04-30T00:00:00.000","LIRR","274421"
"2025-04-30T00:00:00.000","MNR","235657"
"2025-04-30T00:00:00.000","SIR","8233"
"2025-04-30T00:00:00.000","Subway","4406705"
"2025-05-01T00:00:00.000","AAR","42862"
"2025-05-01T00:00:00.000","Bus","1544986"
"2025-05-01T00:00:00.000","LIRR","255295"
"2025-05-01T00:00:00.000","MNR","217184"
"2025-05-01T00:00:00.000","SIR","8065"
"2025-05-01T00:00:00.000","Subway","4440098"
"2025-05-02T00:00:00.000","AAR","41919"
"2025-05-02T00:00:00.000","Bus","1481552"
"2025-05-02T00:00:00.000","LIRR","241602"
"2025-05-02T00:00:00.000","MNR","208851"
"2025-05-02T00:00:00.000","SIR","7035"
"2025-05-02T00:00:00.000","Subway","4120612"
"2025-05-03T00:00:00.000","AAR","26948"
"2025-05-03T00:00:00.000","Bus","997122"
"2025-05-03T00:00:00.000","LIRR","133711"
"2025-05-03T00:00:00.000","MNR","122132"
"2025-05-03T00:00:00.000","SIR","3171"
"2025-05-03T00:00:00.000","Subway","2896423"
"2025-05-04T00:00:00.000","AAR","25492"
"2025-05-04T00:00:00.000","Bus","704772"
"2025-05-04T00:00:00.000","LIRR","110229"
"2025-05-04T00:00:00.000","MNR","96550"
"2025-05-04T00:00:00.000","SIR","2965"
"2025-05-04T00:00:00.000","Subway","2175053"
"2025-05-05T00:00:00.000","AAR","39989"
"2025-05-05T00:00:00.000","Bus","1374815"
"2025-05-05T00:00:00.000","LIRR","245700"
"2025-05-05T00:00:00.000","MNR","209710"
"2025-05-05T00:00:00.000","SIR","7248"
"2025-05-05T00:00:00.000","Subway","3924272"
"2025-05-06T00:00:00.000","AAR","42573"
"2025-05-06T00:00:00.000","Bus","1474148"
"2025-05-06T00:00:00.000","LIRR","259823"
"2025-05-06T00:00:00.000","MNR","230786"
"2025-05-06T00:00:00.000","SIR","7802"
"2025-05-06T00:00:00.000","Subway","4289517"
"2025-05-07T00:00:00.000","AAR","44564"
"2025-05-07T00:00:00.000","Bus","1534698"
"2025-05-07T00:00:00.000","LIRR","265244"
"2025-05-07T00:00:00.000","MNR","237348"
"2025-05-07T00:00:00.000","SIR","8339"
"2025-05-07T00:00:00.000","Subway","4438683"
"2025-05-08T00:00:00.000","AAR","44027"
"2025-05-08T00:00:00.000","Bus","1519593"
"2025-05-08T00:00:00.000","LIRR","267298"
"2025-05-08T00:00:00.000","MNR","228124"
"2025-05-08T00:00:00.000","SIR","7976"
"2025-05-08T00:00:00.000","Subway","4380539"
"2025-05-09T00:00:00.000","AAR","41254"
"2025-05-09T00:00:00.000","Bus","1331879"
"2025-05-09T00:00:00.000","LIRR","253493"
"2025-05-09T00:00:00.000","MNR","207842"
"2025-05-09T00:00:00.000","SIR","6262"
"2025-05-09T00:00:00.000","Subway","3893760"
"2025-05-10T00:00:00.000","AAR","27783"
"2025-05-10T00:00:00.000","Bus","971181"
"2025-05-10T00:00:00.000","LIRR","156932"
"2025-05-10T00:00:00.000","MNR","132365"
"2025-05-10T00:00:00.000","SIR","3309"
"2025-05-10T00:00:00.000","Subway","2895080"
"2025-05-11T00:00:00.000","AAR","31380"
"2025-05-11T00:00:00.000","Bus","727298"
"2025-05-11T00:00:00.000","LIRR","137582"
"2025-05-11T00:00:00.000","MNR","118279"
"2025-05-11T00:00:00.000","SIR","2398"
"2025-05-11T00:00:00.000","Subway","2177273"
"2025-05-12T00:00:00.000","AAR","37902"
"2025-05-12T00:00:00.000","Bus","1454909"
"2025-05-12T00:00:00.000","LIRR","267260"
"2025-05-12T00:00:00.000","MNR","225151"
"2025-05-12T00:00:00.000","SIR","7463"
"2025-05-12T00:00:00.000","Subway","3950681"
"2025-05-13T00:00:00.000","AAR","42501"
"2025-05-13T00:00:00.000","Bus","1499466"
"2025-05-13T00:00:00.000","LIRR","273175"
"2025-05-13T00:00:00.000","MNR","236762"
"2025-05-13T00:00:00.000","SIR","7899"
"2025-05-13T00:00:00.000","Subway","4101901"
"2025-05-14T00:00:00.000","AAR","43850"
"2025-05-14T00:00:00.000","Bus","1410385"
"2025-05-14T00:00:00.000","LIRR","268675"
"2025-05-14T00:00:00.000","MNR","231338"
"2025-05-14T00:00:00.000","SIR","7815"
"2025-05-14T00:00:00.000","Subway","4325655"
"2025-05-15T00:00:00.000","AAR","43184"
"2025-05-15T00:00:00.000","Bus","1490616"
"2025-05-15T00:00:00.000","LIRR","269831"
"2025-05-15T00:00:00.000","MNR","233021"
"2025-05-15T00:00:00.000","SIR","8217"
"2025-05-15T00:00:00.000","Subway","4226351"
"2025-05-16T00:00:00.000","AAR","41634"
"2025-05-16T00:00:00.000","Bus","1290844"
"2025-05-16T00:00:00.000","LIRR","273352"
"2025-05-16T00:00:00.000","MNR","234569"
"2025-05-16T00:00:00.000","SIR","6109"
"2025-05-16T00:00:00.000","Subway","3917793"
"2025-05-17T00:00:00.000","AAR","26202"
"2025-05-17T00:00:00.000","Bus","758100"
"2025-05-17T00:00:00.000","LIRR","147850"
"2025-05-17T00:00:00.000","MNR","141007"
"2025-05-17T00:00:00.000","SIR","2161"
"2025-05-17T00:00:00.000","Subway","2806907"
"2025-05-18T00:00:00.000","AAR","27587"
"2025-05-18T00:00:00.000","Bus","735919"
"2025-05-18T00:00:00.000","LIRR","128018"
"2025-05-18T00:00:00.000","MNR","118803"
"2025-05-18T00:00:00.000","SIR","2779"
"2025-05-18T00:00:00.000","Subway","2348810"
"2025-05-19T00:00:00.000","AAR","39503"
"2025-05-19T00:00:00.000","Bus","1383215"
"2025-05-19T00:00:00.000","LIRR","261500"
"2025-05-19T00:00:00.000","MNR","226926"
"2025-05-19T00:00:00.000","SIR","7084"
"2025-05-19T00:00:00.000","Subway","3859712"
"2025-05-20T00:00:00.000","AAR","43311"
"2025-05-20T00:00:00.000","Bus","1526811"
"2025-05-20T00:00:00.000","LIRR","285050"
"2025-05-20T00:00:00.000","MNR","255638"
"2025-05-20T00:00:00.000","SIR","7694"
"2025-05-20T00:00:00.000","Subway","4288364"
"2025-05-21T00:00:00.000","AAR","43061"
"2025-05-21T00:00:00.000","Bus","1435870"
"2025-05-21T00:00:00.000","LIRR","277010"
"2025-05-21T00:00:00.000","MNR","239556"
"2025-05-21T00:00:00.000","SIR","7997"
"2025-05-21T00:00:00.000","Subway","4359486"
"2025-05-22T00:00:00.000","AAR","41619"
"2025-05-22T00:00:00.000","Bus","1360223"
"2025-05-22T00:00:00.000","LIRR","262440"
"2025-05-22T00:00:00.000","MNR","226023"
"2025-05-22T00:00:00.000","SIR","7259"
"2025-05-22T00:00:00.000","Subway","4177436"
"2025-05-23T00:00:00.000","AAR","39780"
"2025-05-23T00:00:00.000","Bus","1350033"
"2025-05-23T00:00:00.000","LIRR","276688"
"2025-05-23T00:00:00.000","MNR","222482"
"2025-05-23T00:00:00.000","SIR","6449"
"2025-05-23T00:00:00.000","Subway","3867945"
"2025-05-24T00:00:00.000","AAR","24931"
"2025-05-24T00:00:00.000","Bus","892650"
"2025-05-24T00:00:00.000","LIRR","150831"
"2025-05-24T00:00:00.000","MNR","123603"
"2025-05-24T00:00:00.000","SIR","3341"
"2025-05-24T00:00:00.000","Subway","2613079"
"2025-05-25T00:00:00.000","AAR","26605"
"2025-05-25T00:00:00.000","Bus","734847"
"2025-05-25T00:00:00.000","LIRR","134252"
"2025-05-25T00:00:00.000","MNR","114432"
"2025-05-25T00:00:00.000","SIR","2743"
"2025-05-25T00:00:00.000","Subway","2265268"
"2025-05-26T00:00:00.000","AAR","18515"
"2025-05-26T00:00:00.000","Bus","796572"
"2025-05-26T00:00:00.000","LIRR","130049"
"2025-05-26T00:00:00.000","MNR","108449"
"2025-05-26T00:00:00.000","SIR","3307"
"2025-05-26T00:00:00.000","Subway","2225230"
"2025-05-27T00:00:00.000","AAR","41019"
"2025-05-27T00:00:00.000","Bus","1458610"
"2025-05-27T00:00:00.000","LIRR","281318"
"2025-05-27T00:00:00.000","MNR","243011"
"2025-05-27T00:00:00.000","SIR","7983"
"2025-05-27T00:00:00.000","Subway","4131820"
"2025-05-28T00:00:00.000","AAR","43951"
"2025-05-28T00:00:00.000","Bus","1439867"
"2025-05-28T00:00:00.000","LIRR","273219"
"2025-05-28T00:00:00.000","MNR","241099"
"2025-05-28T00:00:00.000","SIR","7971"
"2025-05-28T00:00:00.000","Subway","4319577"
"2025-05-29T00:00:00.000","AAR","42557"
"2025-05-29T00:00:00.000","Bus","1451583"
"2025-05-29T00:00:00.000","LIRR","272341"
"2025-05-29T00:00:00.000","MNR","233835"
"2025-05-29T00:00:00.000","SIR","7730"
"2025-05-29T00:00:00.000","Subway","4330609"
"2025-05-30T00:00:00.000","AAR","42154"
"2025-05-30T00:00:00.000","Bus","1417061"
"2025-05-30T00:00:00.000","LIRR","267632"
"2025-05-30T00:00:00.000","MNR","220334"
"2025-05-30T00:00:00.000","SIR","6788"
"2025-05-30T00:00:00.000","Subway","4013939"
"2025-05-31T00:00:00.000","AAR","25399"
"2025-05-31T00:00:00.000","Bus","928331"
"2025-05-31T00:00:00.000","LIRR","145270"
"2025-05-31T00:00:00.000","MNR","116390"
"2025-05-31T00:00:00.000","SIR","2743"
"2025-05-31T00:00:00.000","Subway","2703804"
"2025-06-01T00:00:00.000","AAR","27401"
"2025-06-01T00:00:00.000","Bus","757386"
"2025-06-01T00:00:00.000","LIRR","121796"
"2025-06-01T00:00:00.000","MNR","99548"
"2025-06-01T00:00:00.000","SIR","2520"
"2025-06-01T00:00:00.000","Subway","2216471"
"2025-06-02T00:00:00.000","AAR","37700"
"2025-06-02T00:00:00.000","Bus","1433260"
"2025-06-02T00:00:00.000","LIRR","232864"
"2025-06-02T00:00:00.000","MNR","207612"
"2025-06-02T00:00:00.000","SIR","7190"
"2025-06-02T00:00:00.000","Subway","3825105"
"2025-06-03T00:00:00.000","AAR","42931"
"2025-06-03T00:00:00.000","Bus","1504149"
"2025-06-03T00:00:00.000","LIRR","263483"
"2025-06-03T00:00:00.000","MNR","245856"
"2025-06-03T00:00:00.000","SIR","8081"
"2025-06-03T00:00:00.000","Subway","4277676"
"2025-06-04T00:00:00.000","AAR","45757"
"2025-06-04T00:00:00.000","Bus","1542346"
"2025-06-04T00:00:00.000","LIRR","282470"
"2025-06-04T00:00:00.000","MNR","245882"
"2025-06-04T00:00:00.000","SIR","8434"
"2025-06-04T00:00:00.000","Subway","4453078"
"2025-06-05T00:00:00.000","AAR","43649"
"2025-06-05T00:00:00.000","Bus","1435569"
"2025-06-05T00:00:00.000","LIRR","276354"
"2025-06-05T00:00:00.000","MNR","239951"
"2025-06-05T00:00:00.000","SIR","7400"
"2025-06-05T00:00:00.000","Subway","4209248"
"2025-06-06T00:00:00.000","AAR","41920"
"2025-06-06T00:00:00.000","Bus","1387859"
"2025-06-06T00:00:00.000","LIRR","275908"
"2025-06-06T00:00:00.000","MNR","232473"
"2025-06-06T00:00:00.000","SIR","6642"
"2025-06-06T00:00:00.000","Subway","3971366"
"2025-06-07T00:00:00.000","AAR","26651"
"2025-06-07T00:00:00.000","Bus","914494"
"2025-06-07T00:00:00.000","LIRR","142141"
"2025-06-07T00:00:00.000","MNR","128292"
"2025-06-07T00:00:00.000","SIR","2939"
"2025-06-07T00:00:00.000","Subway","2746462"
"2025-06-08T00:00:00.000","AAR","27726"
"2025-06-08T00:00:00.000","Bus","756088"
"2025-06-08T00:00:00.000","LIRR","135005"
"2025-06-08T00:00:00.000","MNR","125365"
"2025-06-08T00:00:00.000","SIR","2486"
"2025-06-08T00:00:00.000","Subway","2419073"
"2025-06-09T00:00:00.000","AAR","40161"
"2025-06-09T00:00:00.000","Bus","1419682"
"2025-06-09T00:00:00.000","LIRR","255303"
"2025-06-09T00:00:00.000","MNR","222549"
"2025-06-09T00:00:00.000","SIR","7392"
"2025-06-09T00:00:00.000","Subway","3894637"
"2025-06-10T00:00:00.000","AAR","42936"
"2025-06-10T00:00:00.000","Bus","1443471"
"2025-06-10T00:00:00.000","LIRR","275576"
"2025-06-10T00:00:00.000","MNR","239058"
"2025-06-10T00:00:00.000","SIR","7558"
"2025-06-10T00:00:00.000","Subway","4242094"
"2025-06-11T00:00:00.000","AAR","46251"
"2025-06-11T00:00:00.000","Bus","1533682"
"2025-06-11T00:00:00.000","LIRR","282392"
"2025-06-11T00:00:00.000","MNR","244814"
"2025-06-11T00:00:00.000","SIR","8316"
"2025-06-11T00:00:00.000","Subway","4389844"
"2025-06-12T00:00:00.000","AAR","45320"
"2025-06-12T00:00:00.000","Bus","1518029"
"2025-06-12T00:00:00.000","LIRR","282071"
"2025-06-12T00:00:00.000","MNR","241736"
"2025-06-12T00:00:00.000","SIR","7676"
"2025-06-12T00:00:00.000","Subway","4389106"
"2025-06-13T00:00:00.000","AAR","42554"
"2025-06-13T00:00:00.000","Bus","1440700"
"2025-06-13T00:00:00.000","LIRR","271326"
"2025-06-13T00:00:00.000","MNR","223767"
"2025-06-13T00:00:00.000","SIR","6646"
"2025-06-13T00:00:00.000","Subway","4016599"
"2025-06-14T00:00:00.000","AAR","27033"
"2025-06-14T00:00:00.000","Bus","848789"
"2025-06-14T00:00:00.000","LIRR","137307"
"2025-06-14T00:00:00.000","MNR","117635"
"2025-06-14T00:00:00.000","SIR","2812"
"2025-06-14T00:00:00.000","Subway","2648754"
"2025-06-15T00:00:00.000","AAR","28137"
"2025-06-15T00:00:00.000","Bus","708559"
"2025-06-15T00:00:00.000","LIRR","128639"
"2025-06-15T00:00:00.000","MNR","107802"
"2025-06-15T00:00:00.000","SIR","2227"
"2025-06-15T00:00:00.000","Subway","2060343"
"2025-06-16T00:00:00.000","AAR","39076"
"2025-06-16T00:00:00.000","Bus","1422102"
"2025-06-16T00:00:00.000","LIRR","259549"
"2025-06-16T00:00:00.000","MNR","233061"
"2025-06-16T00:00:00.000","SIR","7310"
"2025-06-16T00:00:00.000","Subway","3881697"
"2025-06-17T00:00:00.000","AAR","43724"
"2025-06-17T00:00:00.000","Bus","1462892"
"2025-06-17T00:00:00.000","LIRR","278874"
"2025-06-17T00:00:00.000","MNR","252443"
"2025-06-17T00:00:00.000","SIR","7787"
"2025-06-17T00:00:00.000","Subway","4244501"
"2025-06-18T00:00:00.000","AAR","45681"
"2025-06-18T00:00:00.000","Bus","1488512"
"2025-06-18T00:00:00.000","LIRR","287437"
"2025-06-18T00:00:00.000","MNR","258760"
"2025-06-18T00:00:00.000","SIR","7816"
"2025-06-18T00:00:00.000","Subway","4352533"
"2025-06-19T00:00:00.000","AAR","30585"
"2025-06-19T00:00:00.000","Bus","1166095"
"2025-06-19T00:00:00.000","LIRR","151719"
"2025-06-19T00:00:00.000","MNR","128671"
"2025-06-19T00:00:00.000","SIR","4879"
"2025-06-19T00:00:00.000","Subway","3312985"
"2025-06-20T00:00:00.000","AAR","42403"
"2025-06-20T00:00:00.000","Bus","1402524"
"2025-06-20T00:00:00.000","LIRR","275003"
"2025-06-20T00:00:00.000","MNR","238453"
"2025-06-20T00:00:00.000","SIR","6535"
"2025-06-20T00:00:00.000","Subway","3917085"
"2025-06-21T00:00:00.000","AAR","28166"
"2025-06-21T00:00:00.000","Bus","976504"
"2025-06-21T00:00:00.000","LIRR","157226"
"2025-06-21T00:00:00.000","MNR","137237"
"2025-06-21T00:00:00.000","SIR","3008"
"2025-06-21T00:00:00.000","Subway","2750049"
"2025-06-22T00:00:00.000","AAR","27873"
"2025-06-22T00:00:00.000","Bus","720311"
"2025-06-22T00:00:00.000","LIRR","124808"
"2025-06-22T00:00:00.000","MNR","106241"
"2025-06-22T00:00:00.000","SIR","1961"
"2025-06-22T00:00:00.000","Subway","2036654"
"2025-06-23T00:00:00.000","AAR","38543"
"2025-06-23T00:00:00.000","Bus","1364226"
"2025-06-23T00:00:00.000","LIRR","267072"
"2025-06-23T00:00:00.000","MNR","220195"
"2025-06-23T00:00:00.000","SIR","6749"
"2025-06-23T00:00:00.000","Subway","3675099"
"2025-06-24T00:00:00.000","AAR","41227"
"2025-06-24T00:00:00.000","Bus","1358019"
"2025-06-24T00:00:00.000","LIRR","274554"
"2025-06-24T00:00:00.000","MNR","228175"
"2025-06-24T00:00:00.000","SIR","6962"
"2025-06-24T00:00:00.000","Subway","3857783"
"2025-06-25T00:00:00.000","AAR","43104"
"2025-06-25T00:00:00.000","Bus","1365564"
"2025-06-25T00:00:00.000","LIRR","275835"
"2025-06-25T00:00:00.000","MNR","234020"
"2025-06-25T00:00:00.000","SIR","7305"
"2025-06-25T00:00:00.000","Subway","4044532"
"2025-06-26T00:00:00.000","AAR","42597"
"2025-06-26T00:00:00.000","Bus","1430075"
"2025-06-26T00:00:00.000","LIRR","284518"
"2025-06-26T00:00:00.000","MNR","237407"
"2025-06-26T00:00:00.000","SIR","7544"
"2025-06-26T00:00:00.000","Subway","4176259"
"2025-06-27T00:00:00.000","AAR","41129"
"2025-06-27T00:00:00.000","Bus","1309638"
"2025-06-27T00:00:00.000","LIRR","269267"
"2025-06-27T00:00:00.000","MNR","236144"
"2025-06-27T00:00:00.000","SIR","6180"
"2025-06-27T00:00:00.000","Subway","3745156"
"2025-06-28T00:00:00.000","AAR","26021"
"2025-06-28T00:00:00.000","Bus","915611"
"2025-06-28T00:00:00.000","LIRR","140546"
"2025-06-28T00:00:00.000","MNR","133369"
"2025-06-28T00:00:00.000","SIR","3356"
"2025-06-28T00:00:00.000","Subway","2779328"
"2025-06-29T00:00:00.000","AAR","27283"
"2025-06-29T00:00:00.000","Bus","747156"
"2025-06-29T00:00:00.000","LIRR","140810"
"2025-06-29T00:00:00.000","MNR","128084"
"2025-06-29T00:00:00.000","SIR","2965"
"2025-06-29T00:00:00.000","Subway","2443017"
"2025-06-30T00:00:00.000","AAR","38466"
"2025-06-30T00:00:00.000","Bus","1322280"
"2025-06-30T00:00:00.000","LIRR","265402"
"2025-06-30T00:00:00.000","MNR","226634"
"2025-06-30T00:00:00.000","SIR","7013"
"2025-06-30T00:00:00.000","Subway","3570724"
"2025-07-01T00:00:00.000","AAR","41983"
"2025-07-01T00:00:00.000","Bus","1352948"
"2025-07-01T00:00:00.000","LIRR","245375"
"2025-07-01T00:00:00.000","MNR","212691"
"2025-07-01T00:00:00.000","SIR","7169"
"2025-07-01T00:00:00.000","Subway","3827420"
"2025-07-02T00:00:00.000","AAR","44290"
"2025-07-02T00:00:00.000","Bus","1398660"
"2025-07-02T00:00:00.000","LIRR","267728"
"2025-07-02T00:00:00.000","MNR","213549"
"2025-07-02T00:00:00.000","SIR","7241"
"2025-07-02T00:00:00.000","Subway","3850919"
"2025-07-03T00:00:00.000","AAR","42904"
"2025-07-03T00:00:00.000","Bus","1348055"
"2025-07-03T00:00:00.000","LIRR","266204"
"2025-07-03T00:00:00.000","MNR","208213"
"2025-07-03T00:00:00.000","SIR","6320"
"2025-07-03T00:00:00.000","Subway","3599213"
"2025-07-04T00:00:00.000","AAR","23960"
"2025-07-04T00:00:00.000","Bus","777322"
"2025-07-04T00:00:00.000","LIRR","141707"
"2025-07-04T00:00:00.000","MNR","107177"
"2025-07-04T00:00:00.000","SIR","3278"
"2025-07-04T00:00:00.000","Subway","2325024"
"2025-07-05T00:00:00.000","AAR","23179"
"2025-07-05T00:00:00.000","Bus","865914"
"2025-07-05T00:00:00.000","LIRR","147313"
"2025-07-05T00:00:00.000","MNR","108845"
"2025-07-05T00:00:00.000","SIR","3032"
"2025-07-05T00:00:00.000","Subway","2279010"
"2025-07-06T00:00:00.000","AAR","26944"
"2025-07-06T00:00:00.000","Bus","739870"
"2025-07-06T00:00:00.000","LIRR","146359"
"2025-07-06T00:00:00.000","MNR","106648"
"2025-07-06T00:00:00.000","SIR","2336"
"2025-07-06T00:00:00.000","Subway","1991884"
"2025-07-07T00:00:00.000","AAR","39214"
"2025-07-07T00:00:00.000","Bus","1345304"
"2025-07-07T00:00:00.000","LIRR","248037"
"2025-07-07T00:00:00.000","MNR","211317"
"2025-07-07T00:00:00.000","SIR","6657"
"2025-07-07T00:00:00.000","Subway","3494924"
"2025-07-08T00:00:00.000","AAR","42288"
"2025-07-08T00:00:00.000","Bus","1411193"
"2025-07-08T00:00:00.000","LIRR","262625"
"2025-07-08T00:00:00.000","MNR","241553"
"2025-07-08T00:00:00.000","SIR","7104"
"2025-07-08T00:00:00.000","Subway","3921235"
"2025-07-09T00:00:00.000","AAR","45132"
"2025-07-09T00:00:00.000","Bus","1451732"
"2025-07-09T00:00:00.000","LIRR","266421"
"2025-07-09T00:00:00.000","MNR","236794"
"2025-07-09T00:00:00.000","SIR","7633"
"2025-07-09T00:00:00.000","Subway","4071286"
"2025-07-10T00:00:00.000","AAR","43008"
"2025-07-10T00:00:00.000","Bus","1393906"
"2025-07-10T00:00:00.000","LIRR","263195"
"2025-07-10T00:00:00.000","MNR","229112"
"2025-07-10T00:00:00.000","SIR","7343"
"2025-07-10T00:00:00.000","Subway","4019506"
"2025-07-11T00:00:00.000","AAR","42338"
"2025-07-11T00:00:00.000","Bus","1338079"
"2025-07-11T00:00:00.000","LIRR","272902"
"2025-07-11T00:00:00.000","MNR","225186"
"2025-07-11T00:00:00.000","SIR","6312"
"2025-07-11T00:00:00.000","Subway","3752472"
"2025-07-12T00:00:00.000","AAR","27698"
"2025-07-12T00:00:00.000","Bus","960786"
"2025-07-12T00:00:00.000","LIRR","149285"
"2025-07-12T00:00:00.000","MNR","135356"
"2025-07-12T00:00:00.000","SIR","3333"
"2025-07-12T00:00:00.000","Subway","2696784"
"2025-07-13T00:00:00.000","AAR","27530"
"2025-07-13T00:00:00.000","Bus","750701"
"2025-07-13T00:00:00.000","LIRR","132047"
"2025-07-13T00:00:00.000","MNR","115440"
"2025-07-13T00:00:00.000","SIR","2436"
"2025-07-13T00:00:00.000","Subway","2144413"
"2025-07-14T00:00:00.000","AAR","39010"
"2025-07-14T00:00:00.000","Bus","1339218"
"2025-07-14T00:00:00.000","LIRR","257985"
"2025-07-14T00:00:00.000","MNR","218295"
"2025-07-14T00:00:00.000","SIR","6862"
"2025-07-14T00:00:00.000","Subway","3605195"
"2025-07-15T00:00:00.000","AAR","42917"
"2025-07-15T00:00:00.000","Bus","1440912"
"2025-07-15T00:00:00.000","LIRR","273821"
"2025-07-15T00:00:00.000","MNR","240472"
"2025-07-15T00:00:00.000","SIR","7585"
"2025-07-15T00:00:00.000","Subway","4039160"
"2025-07-16T00:00:00.000","AAR","44891"
"2025-07-16T00:00:00.000","Bus","1448849"
"2025-07-16T00:00:00.000","LIRR","274639"
"2025-07-16T00:00:00.000","MNR","239169"
"2025-07-16T00:00:00.000","SIR","7572"
"2025-07-16T00:00:00.000","Subway","4117704"
"2025-07-17T00:00:00.000","AAR","43352"
"2025-07-17T00:00:00.000","Bus","1405028"
"2025-07-17T00:00:00.000","LIRR","272814"
"2025-07-17T00:00:00.000","MNR","230292"
"2025-07-17T00:00:00.000","SIR","7131"
"2025-07-17T00:00:00.000","Subway","4029813"
"2025-07-18T00:00:00.000","AAR","42209"
"2025-07-18T00:00:00.000","Bus","1335124"
"2025-07-18T00:00:00.000","LIRR","278160"
"2025-07-18T00:00:00.000","MNR","223832"
"2025-07-18T00:00:00.000","SIR","6115"
"2025-07-18T00:00:00.000","Subway","3739145"
"2025-07-19T00:00:00.000","AAR","28090"
"2025-07-19T00:00:00.000","Bus","936694"
"2025-07-19T00:00:00.000","LIRR","168171"
"2025-07-19T00:00:00.000","MNR","133834"
"2025-07-19T00:00:00.000","SIR","3241"
"2025-07-19T00:00:00.000","Subway","2655440"
"2025-07-20T00:00:00.000","AAR","27099"
"2025-07-20T00:00:00.000","Bus","753370"
"2025-07-20T00:00:00.000","LIRR","140696"
"2025-07-20T00:00:00.000","MNR","107317"
"2025-07-20T00:00:00.000","SIR","2433"
"2025-07-20T00:00:00.000","Subway","2111747"
"2025-07-21T00:00:00.000","AAR","39272"
"2025-07-21T00:00:00.000","Bus","1361375"
"2025-07-21T00:00:00.000","LIRR","267689"
"2025-07-21T00:00:00.000","MNR","224453"
"2025-07-21T00:00:00.000","SIR","6941"
"2025-07-21T00:00:00.000","Subway","3671940"
"2025-07-22T00:00:00.000","AAR","43313"
"2025-07-22T00:00:00.000","Bus","1433292"
"2025-07-22T00:00:00.000","LIRR","295419"
"2025-07-22T00:00:00.000","MNR","245466"
"2025-07-22T00:00:00.000","SIR","7645"
"2025-07-22T00:00:00.000","Subway","4085230"
"2025-07-23T00:00:00.000","AAR","44930"
"2025-07-23T00:00:00.000","Bus","1431350"
"2025-07-23T00:00:00.000","LIRR","298419"
"2025-07-23T00:00:00.000","MNR","240979"
"2025-07-23T00:00:00.000","SIR","7619"
"2025-07-23T00:00:00.000","Subway","4124410"
"2025-07-24T00:00:00.000","AAR","43574"
"2025-07-24T00:00:00.000","Bus","1422129"
"2025-07-24T00:00:00.000","LIRR","277559"
"2025-07-24T00:00:00.000","MNR","236538"
"2025-07-24T00:00:00.000","SIR","7277"
"2025-07-24T00:00:00.000","Subway","4079094"
"2025-07-25T00:00:00.000","AAR","40952"
"2025-07-25T00:00:00.000","Bus","1280081"
"2025-07-25T00:00:00.000","LIRR","262297"
"2025-07-25T00:00:00.000","MNR","222755"
"2025-07-25T00:00:00.000","SIR","5508"
"2025-07-25T00:00:00.000","Subway","3656150"
"2025-07-26T00:00:00.000","AAR","27624"
"2025-07-26T00:00:00.000","Bus","922083"
"2025-07-26T00:00:00.000","LIRR","159323"
"2025-07-26T00:00:00.000","MNR","137302"
"2025-07-26T00:00:00.000","SIR","3040"
"2025-07-26T00:00:00.000","Subway","2790923"
"2025-07-27T00:00:00.000","AAR","25966"
"2025-07-27T00:00:00.000","Bus","704038"
"2025-07-27T00:00:00.000","LIRR","127073"
"2025-07-27T00:00:00.000","MNR","112224"
"2025-07-27T00:00:00.000","SIR","2128"
"2025-07-27T00:00:00.000","Subway","2149759"
"2025-07-28T00:00:00.000","AAR","38491"
"2025-07-28T00:00:00.000","Bus","1355899"
"2025-07-28T00:00:00.000","LIRR","262687"
"2025-07-28T00:00:00.000","MNR","227711"
"2025-07-28T00:00:00.000","SIR","6780"
"2025-07-28T00:00:00.000","Subway","3664264"
"2025-07-29T00:00:00.000","AAR","42045"
"2025-07-29T00:00:00.000","Bus","1391706"
"2025-07-29T00:00:00.000","LIRR","275947"
"2025-07-29T00:00:00.000","MNR","240606"
"2025-07-29T00:00:00.000","SIR","7230"
"2025-07-29T00:00:00.000","Subway","3942701"
"2025-07-30T00:00:00.000","AAR","43086"
"2025-07-30T00:00:00.000","Bus","1381553"
"2025-07-30T00:00:00.000","LIRR","272520"
"2025-07-30T00:00:00.000","MNR","241950"
"2025-07-30T00:00:00.000","SIR","7350"
"2025-07-30T00:00:00.000","Subway","3995693"
"2025-07-31T00:00:00.000","AAR","42155"
"2025-07-31T00:00:00.000","Bus","1310912"
"2025-07-31T00:00:00.000","LIRR","260275"
"2025-07-31T00:00:00.000","MNR","229384"
"2025-07-31T00:00:00.000","SIR","7004"
"2025-07-31T00:00:00.000","Subway","3718979"
"2025-08-01T00:00:00.000","AAR","41345"
"2025-08-01T00:00:00.000","Bus","1318643"
"2025-08-01T00:00:00.000","LIRR","225675"
"2025-08-01T00:00:00.000","MNR","174071"
"2025-08-01T00:00:00.000","SIR","5983"
"2025-08-01T00:00:00.000","Subway","3597962"
"2025-08-02T00:00:00.000","AAR","28936"
"2025-08-02T00:00:00.000","Bus","924525"
"2025-08-02T00:00:00.000","LIRR","151706"
"2025-08-02T00:00:00.000","MNR","125916"
"2025-08-02T00:00:00.000","SIR","3134"
"2025-08-02T00:00:00.000","Subway","2661432"
"2025-08-03T00:00:00.000","AAR","27902"
"2025-08-03T00:00:00.000","Bus","766036"
"2025-08-03T00:00:00.000","LIRR","131196"
"2025-08-03T00:00:00.000","MNR","102414"
"2025-08-03T00:00:00.000","SIR","2438"
"2025-08-03T00:00:00.000","Subway","2109148"
"2025-08-04T00:00:00.000","AAR","39688"
"2025-08-04T00:00:00.000","Bus","1367299"
"2025-08-04T00:00:00.000","LIRR","253148"
"2025-08-04T00:00:00.000","MNR","207908"
"2025-08-04T00:00:00.000","SIR","6910"
"2025-08-04T00:00:00.000","Subway","3603453"
"2025-08-05T00:00:00.000","AAR","44101"
"2025-08-05T00:00:00.000","Bus","1424105"
"2025-08-05T00:00:00.000","LIRR","272605"
"2025-08-05T00:00:00.000","MNR","227260"
"2025-08-05T00:00:00.000","SIR","7688"
"2025-08-05T00:00:00.000","Subway","3990441"
"2025-08-06T00:00:00.000","AAR","44869"
"2025-08-06T00:00:00.000","Bus","1415758"
"2025-08-06T00:00:00.000","LIRR","273051"
"2025-08-06T00:00:00.000","MNR","222043"
"2025-08-06T00:00:00.000","SIR","7627"
"2025-08-06T00:00:00.000","Subway","3994828"
"2025-08-07T00:00:00.000","AAR","43838"
"2025-08-07T00:00:00.000","Bus","1408353"
"2025-08-07T00:00:00.000","LIRR","265143"
"2025-08-07T00:00:00.000","MNR","214868"
"2025-08-07T00:00:00.000","SIR","7256"
"2025-08-07T00:00:00.000","Subway","3944318"
"2025-08-08T00:00:00.000","AAR","41991"
"2025-08-08T00:00:00.000","Bus","1326591"
"2025-08-08T00:00:00.000","LIRR","260507"
"2025-08-08T00:00:00.000","MNR","212368"
"2025-08-08T00:00:00.000","SIR","6315"
"2025-08-08T00:00:00.000","Subway","3654469"
"2025-08-09T00:00:00.000","AAR","28414"
"2025-08-09T00:00:00.000","Bus","922892"
"2025-08-09T00:00:00.000","LIRR","153113"
"2025-08-09T00:00:00.000","MNR","131416"
"2025-08-09T00:00:00.000","SIR","2595"
"2025-08-09T00:00:00.000","Subway","2671051"
"2025-08-10T00:00:00.000","AAR","27679"
"2025-08-10T00:00:00.000","Bus","736132"
"2025-08-10T00:00:00.000","LIRR","136708"
"2025-08-10T00:00:00.000","MNR","116733"
"2025-08-10T00:00:00.000","SIR","2109"
"2025-08-10T00:00:00.000","Subway","2201175"
"2025-08-11T00:00:00.000","AAR","38985"
"2025-08-11T00:00:00.000","Bus","1325167"
"2025-08-11T00:00:00.000","LIRR","254512"
"2025-08-11T00:00:00.000","MNR","211894"
"2025-08-11T00:00:00.000","SIR","6657"
"2025-08-11T00:00:00.000","Subway","3541477"
"2025-08-12T00:00:00.000","AAR","43664"
"2025-08-12T00:00:00.000","Bus","1393854"
"2025-08-12T00:00:00.000","LIRR","272560"
"2025-08-12T00:00:00.000","MNR","225090"
"2025-08-12T00:00:00.000","SIR","7367"
"2025-08-12T00:00:00.000","Subway","3891327"
"2025-08-13T00:00:00.000","AAR","44349"
"2025-08-13T00:00:00.000","Bus","1355986"
"2025-08-13T00:00:00.000","LIRR","267156"
"2025-08-13T00:00:00.000","MNR","221321"
"2025-08-13T00:00:00.000","SIR","7233"
"2025-08-13T00:00:00.000","Subway","3880241"
"2025-08-14T00:00:00.000","AAR","43367"
"2025-08-14T00:00:00.000","Bus","1364955"
"2025-08-14T00:00:00.000","LIRR","264290"
"2025-08-14T00:00:00.000","MNR","210265"
"2025-08-14T00:00:00.000","SIR","6878"
"2025-08-14T00:00:00.000","Subway","3823077"
"2025-08-15T00:00:00.000","AAR","41588"
"2025-08-15T00:00:00.000","Bus","1308147"
"2025-08-15T00:00:00.000","LIRR","258243"
"2025-08-15T00:00:00.000","MNR","203201"
"2025-08-15T00:00:00.000","SIR","5990"
"2025-08-15T00:00:00.000","Subway","3551008"
"2025-08-16T00:00:00.000","AAR","28833"
"2025-08-16T00:00:00.000","Bus","912705"
"2025-08-16T00:00:00.000","LIRR","153433"
"2025-08-16T00:00:00.000","MNR","120490"
"2025-08-16T00:00:00.000","SIR","2433"
"2025-08-16T00:00:00.000","Subway","2568833"
"2025-08-17T00:00:00.000","AAR","27882"
"2025-08-17T00:00:00.000","Bus","725657"
"2025-08-17T00:00:00.000","LIRR","125268"
"2025-08-17T00:00:00.000","MNR","101391"
"2025-08-17T00:00:00.000","SIR","1642"
"2025-08-17T00:00:00.000","Subway","2015821"
"2025-08-18T00:00:00.000","AAR","38413"
"2025-08-18T00:00:00.000","Bus","1264049"
"2025-08-18T00:00:00.000","LIRR","246904"
"2025-08-18T00:00:00.000","MNR","200323"
"2025-08-18T00:00:00.000","SIR","6475"
"2025-08-18T00:00:00.000","Subway","3376936"
"2025-08-19T00:00:00.000","AAR","41917"
"2025-08-19T00:00:00.000","Bus","1340712"
"2025-08-19T00:00:00.000","LIRR","269818"
"2025-08-19T00:00:00.000","MNR","217321"
"2025-08-19T00:00:00.000","SIR","7134"
"2025-08-19T00:00:00.000","Subway","3788813"
"2025-08-20T00:00:00.000","AAR","42821"
"2025-08-20T00:00:00.000","Bus","1265037"
"2025-08-20T00:00:00.000","LIRR","255602"
"2025-08-20T00:00:00.000","MNR","208647"
"2025-08-20T00:00:00.000","SIR","6673"
"2025-08-20T00:00:00.000","Subway","3712709"
"2025-08-21T00:00:00.000","AAR","41317"
"2025-08-21T00:00:00.000","Bus","1296398"
"2025-08-21T00:00:00.000","LIRR","268214"
"2025-08-21T00:00:00.000","MNR","218083"
"2025-08-21T00:00:00.000","SIR","6538"
"2025-08-21T00:00:00.000","Subway","3790576"
"2025-08-22T00:00:00.000","AAR","40155"
"2025-08-22T00:00:00.000","Bus","1287328"
"2025-08-22T00:00:00.000","LIRR","264414"
"2025-08-22T00:00:00.000","MNR","217013"
"2025-08-22T00:00:00.000","SIR","6102"
"2025-08-22T00:00:00.000","Subway","3640772"
"2025-08-23T00:00:00.000","AAR","27407"
"2025-08-23T00:00:00.000","Bus","925878"
"2025-08-23T00:00:00.000","LIRR","166882"
"2025-08-23T00:00:00.000","MNR","133514"
"2025-08-23T00:00:00.000","SIR","3351"
"2025-08-23T00:00:00.000","Subway","2669472"
"2025-08-24T00:00:00.000","AAR","26911"
"2025-08-24T00:00:00.000","Bus","739780"
"2025-08-24T00:00:00.000","LIRR","149695"
"2025-08-24T00:00:00.000","MNR","109360"
"2025-08-24T00:00:00.000","SIR","2459"
"2025-08-24T00:00:00.000","Subway","2154935"
"2025-08-25T00:00:00.000","AAR","37653"
"2025-08-25T00:00:00.000","Bus","1287007"
"2025-08-25T00:00:00.000","LIRR","275475"
"2025-08-25T00:00:00.000","MNR","207511"
"2025-08-25T00:00:00.000","SIR","6329"
"2025-08-25T00:00:00.000","Subway","3499592"
"2025-08-26T00:00:00.000","AAR","41461"
"2025-08-26T00:00:00.000","Bus","1381193"
"2025-08-26T00:00:00.000","LIRR","294008"
"2025-08-26T00:00:00.000","MNR","222383"
"2025-08-26T00:00:00.000","SIR","7249"
"2025-08-26T00:00:00.000","Subway","3934641"
"2025-08-27T00:00:00.000","AAR","43498"
"2025-08-27T00:00:00.000","Bus","1392630"
"2025-08-27T00:00:00.000","LIRR","294556"
"2025-08-27T00:00:00.000","MNR","220687"
"2025-08-27T00:00:00.000","SIR","7311"
"2025-08-27T00:00:00.000","Subway","3959633"
"2025-08-28T00:00:00.000","AAR","42332"
"2025-08-28T00:00:00.000","Bus","1363724"
"2025-08-28T00:00:00.000","LIRR","293877"
"2025-08-28T00:00:00.000","MNR","212908"
"2025-08-28T00:00:00.000","SIR","6992"
"2025-08-28T00:00:00.000","Subway","3844830"
"2025-08-29T00:00:00.000","AAR","40464"
"2025-08-29T00:00:00.000","Bus","1289424"
"2025-08-29T00:00:00.000","LIRR","284378"
"2025-08-29T00:00:00.000","MNR","205508"
"2025-08-29T00:00:00.000","SIR","5796"
"2025-08-29T00:00:00.000","Subway","3559792"
"2025-08-30T00:00:00.000","AAR","27458"
"2025-08-30T00:00:00.000","Bus","895879"
"2025-08-30T00:00:00.000","LIRR","174467"
"2025-08-30T00:00:00.000","MNR","129878"
"2025-08-30T00:00:00.000","SIR","3039"
"2025-08-30T00:00:00.000","Subway","2575973"
"2025-08-31T00:00:00.000","AAR","28459"
"2025-08-31T00:00:00.000","Bus","705740"
"2025-08-31T00:00:00.000","LIRR","152591"
"2025-08-31T00:00:00.000","MNR","113092"
"2025-08-31T00:00:00.000","SIR","2401"
"2025-08-31T00:00:00.000","Subway","2197950"
"2025-09-01T00:00:00.000","AAR","17488"
"2025-09-01T00:00:00.000","Bus","673370"
"2025-09-01T00:00:00.000","LIRR","140632"
"2025-09-01T00:00:00.000","MNR","100886"
"2025-09-01T00:00:00.000","SIR","2399"
"2025-09-01T00:00:00.000","Subway","2092253"
"2025-09-02T00:00:00.000","AAR","41991"
"2025-09-02T00:00:00.000","Bus","1346568"
"2025-09-02T00:00:00.000","LIRR","277073"
"2025-09-02T00:00:00.000","MNR","228222"
"2025-09-02T00:00:00.000","SIR","7277"
"2025-09-02T00:00:00.000","Subway","3842843"
"2025-09-03T00:00:00.000","AAR","46061"
"2025-09-03T00:00:00.000","Bus","1438356"
"2025-09-03T00:00:00.000","LIRR","293705"
"2025-09-03T00:00:00.000","MNR","238831"
"2025-09-03T00:00:00.000","SIR","7483"
"2025-09-03T00:00:00.000","Subway","4101293"
"2025-09-04T00:00:00.000","AAR","45376"
"2025-09-04T00:00:00.000","Bus","1469632"
"2025-09-04T00:00:00.000","LIRR","289721"
"2025-09-04T00:00:00.000","MNR","232772"
"2025-09-04T00:00:00.000","SIR","7709"
"2025-09-04T00:00:00.000","Subway","4258378"
"2025-09-05T00:00:00.000","AAR","43782"
"2025-09-05T00:00:00.000","Bus","1437614"
"2025-09-05T00:00:00.000","LIRR","279193"
"2025-09-05T00:00:00.000","MNR","225330"
"2025-09-05T00:00:00.000","SIR","6830"
"2025-09-05T00:00:00.000","Subway","4020205"
"2025-09-06T00:00:00.000","AAR","27218"
"2025-09-06T00:00:00.000","Bus","846107"
"2025-09-06T00:00:00.000","LIRR","141330"
"2025-09-06T00:00:00.000","MNR","117043"
"2025-09-06T00:00:00.000","SIR","2213"
"2025-09-06T00:00:00.000","Subway","2589586"
"2025-09-07T00:00:00.000","AAR","28255"
"2025-09-07T00:00:00.000","Bus","684550"
"2025-09-07T00:00:00.000","LIRR","122696"
"2025-09-07T00:00:00.000","MNR","99960"
"2025-09-07T00:00:00.000","SIR","1425"
"2025-09-07T00:00:00.000","Subway","2058463"
"2025-09-08T00:00:00.000","AAR","41777"
"2025-09-08T00:00:00.000","Bus","1497567"
"2025-09-08T00:00:00.000","LIRR","266996"
"2025-09-08T00:00:00.000","MNR","226542"
"2025-09-08T00:00:00.000","SIR","7574"
"2025-09-08T00:00:00.000","Subway","4051429"
"2025-09-09T00:00:00.000","AAR","45766"
"2025-09-09T00:00:00.000","Bus","1551093"
"2025-09-09T00:00:00.000","LIRR","278353"
"2025-09-09T00:00:00.000","MNR","249487"
"2025-09-09T00:00:00.000","SIR","8282"
"2025-09-09T00:00:00.000","Subway","4433601"
"2025-09-10T00:00:00.000","AAR","46875"
"2025-09-10T00:00:00.000","Bus","1540037"
"2025-09-10T00:00:00.000","LIRR","277619"
"2025-09-10T00:00:00.000","MNR","244711"
"2025-09-10T00:00:00.000","SIR","8093"
"2025-09-10T00:00:00.000","Subway","4472327"
"2025-09-11T00:00:00.000","AAR","45113"
"2025-09-11T00:00:00.000","Bus","1550699"
"2025-09-11T00:00:00.000","LIRR","284101"
"2025-09-11T00:00:00.000","MNR","239089"
"2025-09-11T00:00:00.000","SIR","8324"
"2025-09-11T00:00:00.000","Subway","4499093"
"2025-09-12T00:00:00.000","AAR","44800"
"2025-09-12T00:00:00.000","Bus","1477001"
"2025-09-12T00:00:00.000","LIRR","280104"
"2025-09-12T00:00:00.000","MNR","230142"
"2025-09-12T00:00:00.000","SIR","6806"
"2025-09-12T00:00:00.000","Subway","4196585"
"2025-09-13T00:00:00.000","AAR","29120"
"2025-09-13T00:00:00.000","Bus","965501"
"2025-09-13T00:00:00.000","LIRR","152575"
"2025-09-13T00:00:00.000","MNR","144805"
"2025-09-13T00:00:00.000","SIR","2491"
"2025-09-13T00:00:00.000","Subway","2916067"
"2025-09-14T00:00:00.000","AAR","29323"
"2025-09-14T00:00:00.000","Bus","759804"
"2025-09-14T00:00:00.000","LIRR","128586"
"2025-09-14T00:00:00.000","MNR","117465"
"2025-09-14T00:00:00.000","SIR","1733"
"2025-09-14T00:00:00.000","Subway","2260774"
"2025-09-15T00:00:00.000","AAR","41693"
"2025-09-15T00:00:00.000","Bus","1508135"
"2025-09-15T00:00:00.000","LIRR","271084"
"2025-09-15T00:00:00.000","MNR","228659"
"2025-09-15T00:00:00.000","SIR","7707"
"2025-09-15T00:00:00.000","Subway","4046573"
"2025-09-16T00:00:00.000","AAR","46067"
"2025-09-16T00:00:00.000","Bus","1561603"
"2025-09-16T00:00:00.000","LIRR","286694"
"2025-09-16T00:00:00.000","MNR","246166"
"2025-09-16T00:00:00.000","SIR","8395"
"2025-09-16T00:00:00.000","Subway","4425430"
"2025-09-17T00:00:00.000","AAR","46498"
"2025-09-17T00:00:00.000","Bus","1527852"
"2025-09-17T00:00:00.000","LIRR","286428"
"2025-09-17T00:00:00.000","MNR","242860"
"2025-09-17T00:00:00.000","SIR","8106"
"2025-09-17T00:00:00.000","Subway","4446829"
"2025-09-18T00:00:00.000","AAR","46174"
"2025-09-18T00:00:00.000","Bus","1550224"
"2025-09-18T00:00:00.000","LIRR","281845"
"2025-09-18T00:00:00.000","MNR","239470"
"2025-09-18T00:00:00.000","SIR","7949"
"2025-09-18T00:00:00.000","Subway","4488401"
"2025-09-19T00:00:00.000","AAR","44232"
"2025-09-19T00:00:00.000","Bus","1480671"
"2025-09-19T00:00:00.000","LIRR","286808"
"2025-09-19T00:00:00.000","MNR","231477"
"2025-09-19T00:00:00.000","SIR","6987"
"2025-09-19T00:00:00.000","Subway","4177680"
"2025-09-20T00:00:00.000","AAR","28263"
"2025-09-20T00:00:00.000","Bus","949447"
"2025-09-20T00:00:00.000","LIRR","162463"
"2025-09-20T00:00:00.000","MNR","137816"
"2025-09-20T00:00:00.000","SIR","2721"
"2025-09-20T00:00:00.000","Subway","2907031"
"2025-09-21T00:00:00.000","AAR","28507"
"2025-09-21T00:00:00.000","Bus","730328"
"2025-09-21T00:00:00.000","LIRR","138648"
"2025-09-21T00:00:00.000","MNR","119583"
"2025-09-21T00:00:00.000","SIR","1826"
"2025-09-21T00:00:00.000","Subway","2305677"
"2025-09-22T00:00:00.000","AAR","40106"
"2025-09-22T00:00:00.000","Bus","1398995"
"2025-09-22T00:00:00.000","LIRR","277694"
"2025-09-22T00:00:00.000","MNR","235311"
"2025-09-22T00:00:00.000","SIR","7385"
"2025-09-22T00:00:00.000","Subway","3931188"
"2025-09-23T00:00:00.000","AAR","39820"
"2025-09-23T00:00:00.000","Bus","1278886"
"2025-09-23T00:00:00.000","LIRR","292843"
"2025-09-23T00:00:00.000","MNR","251491"
"2025-09-23T00:00:00.000","SIR","7547"
"2025-09-23T00:00:00.000","Subway","3913543"
"2025-09-24T00:00:00.000","AAR","41928"
"2025-09-24T00:00:00.000","Bus","1312722"
"2025-09-24T00:00:00.000","LIRR","301441"
"2025-09-24T00:00:00.000","MNR","246884"
"2025-09-24T00:00:00.000","SIR","7537"
"2025-09-24T00:00:00.000","Subway","4031358"
"2025-09-25T00:00:00.000","AAR","43591"
"2025-09-25T00:00:00.000","Bus","1444408"
"2025-09-25T00:00:00.000","LIRR","298380"
"2025-09-25T00:00:00.000","MNR","243174"
"2025-09-25T00:00:00.000","SIR","7834"
"2025-09-25T00:00:00.000","Subway","4423394"
"2025-09-26T00:00:00.000","AAR","43185"
"2025-09-26T00:00:00.000","Bus","1455644"
"2025-09-26T00:00:00.000","LIRR","306735"
"2025-09-26T00:00:00.000","MNR","240853"
"2025-09-26T00:00:00.000","SIR","6937"
"2025-09-26T00:00:00.000","Subway","4199816"
"2025-09-27T00:00:00.000","AAR","27542"
"2025-09-27T00:00:00.000","Bus","933791"
"2025-09-27T00:00:00.000","LIRR","181410"
"2025-09-27T00:00:00.000","MNR","145805"
"2025-09-27T00:00:00.000","SIR","3051"
"2025-09-27T00:00:00.000","Subway","2911538"
"2025-09-28T00:00:00.000","AAR","28439"
"2025-09-28T00:00:00.000","Bus","742362"
"2025-09-28T00:00:00.000","LIRR","149259"
"2025-09-28T00:00:00.000","MNR","114310"
"2025-09-28T00:00:00.000","SIR","2589"
"2025-09-28T00:00:00.000","Subway","2213509"
"2025-09-29T00:00:00.000","AAR","41836"
"2025-09-29T00:00:00.000","Bus","1482688"
"2025-09-29T00:00:00.000","LIRR","278761"
"2025-09-29T00:00:00.000","MNR","232338"
"2025-09-29T00:00:00.000","SIR","7641"
"2025-09-29T00:00:00.000","Subway","4061628"
"2025-09-30T00:00:00.000","AAR","45235"
"2025-09-30T00:00:00.000","Bus","1534316"
"2025-09-30T00:00:00.000","LIRR","286693"
"2025-09-30T00:00:00.000","MNR","257916"
"2025-09-30T00:00:00.000","SIR","8347"
"2025-09-30T00:00:00.000","Subway","4440014"
"2025-10-01T00:00:00.000","AAR","46020"
"2025-10-01T00:00:00.000","Bus","1473098"
"2025-10-01T00:00:00.000","LIRR","259808"
"2025-10-01T00:00:00.000","MNR","243325"
"2025-10-01T00:00:00.000","SIR","8212"
"2025-10-01T00:00:00.000","Subway","4339922"
"2025-10-02T00:00:00.000","AAR","40497"
"2025-10-02T00:00:00.000","Bus","1261553"
"2025-10-02T00:00:00.000","LIRR","257417"
"2025-10-02T00:00:00.000","MNR","236427"
"2025-10-02T00:00:00.000","SIR","6807"
"2025-10-02T00:00:00.000","Subway","3815531"
"2025-10-03T00:00:00.000","AAR","44933"
"2025-10-03T00:00:00.000","Bus","1434440"
"2025-10-03T00:00:00.000","LIRR","265055"
"2025-10-03T00:00:00.000","MNR","225487"
"2025-10-03T00:00:00.000","SIR","6890"
"2025-10-03T00:00:00.000","Subway","4066815"
"2025-10-04T00:00:00.000","AAR","29130"
"2025-10-04T00:00:00.000","Bus","718806"
"2025-10-04T00:00:00.000","LIRR","143110"
"2025-10-04T00:00:00.000","MNR","136719"
"2025-10-04T00:00:00.000","SIR","2113"
"2025-10-04T00:00:00.000","Subway","2104373"
"2025-10-05T00:00:00.000","AAR","29332"
"2025-10-05T00:00:00.000","Bus","702569"
"2025-10-05T00:00:00.000","LIRR","120574"
"2025-10-05T00:00:00.000","MNR","109130"
"2025-10-05T00:00:00.000","SIR","1940"
"2025-10-05T00:00:00.000","Subway","2193758"
"2025-10-06T00:00:00.000","AAR","42251"
"2025-10-06T00:00:00.000","Bus","1396894"
"2025-10-06T00:00:00.000","LIRR","261527"
"2025-10-06T00:00:00.000","MNR","226803"
"2025-10-06T00:00:00.000","SIR","7519"
"2025-10-06T00:00:00.000","Subway","3927545"
"2025-10-07T00:00:00.000","AAR","44898"
"2025-10-07T00:00:00.000","Bus","1404064"
"2025-10-07T00:00:00.000","LIRR","278786"
"2025-10-07T00:00:00.000","MNR","254323"
"2025-10-07T00:00:00.000","SIR","8179"
"2025-10-07T00:00:00.000","Subway","4212383"
"2025-10-08T00:00:00.000","AAR","45158"
"2025-10-08T00:00:00.000","Bus","1395842"
"2025-10-08T00:00:00.000","LIRR","269959"
"2025-10-08T00:00:00.000","MNR","249146"
"2025-10-08T00:00:00.000","SIR","7903"
"2025-10-08T00:00:00.000","Subway","4237976"
"2025-10-09T00:00:00.000","AAR","46236"
"2025-10-09T00:00:00.000","Bus","1452407"
"2025-10-09T00:00:00.000","LIRR","291108"
"2025-10-09T00:00:00.000","MNR","250000"
"2025-10-09T00:00:00.000","SIR","7996"
"2025-10-09T00:00:00.000","Subway","4452806"
"2025-10-10T00:00:00.000","AAR","44822"
"2025-10-10T00:00:00.000","Bus","1368369"
"2025-10-10T00:00:00.000","LIRR","285283"
"2025-10-10T00:00:00.000","MNR","245256"
"2025-10-10T00:00:00.000","SIR","6790"
"2025-10-10T00:00:00.000","Subway","4043304"
"2025-10-11T00:00:00.000","AAR","28513"
"2025-10-11T00:00:00.000","Bus","859727"
"2025-10-11T00:00:00.000","LIRR","155564"
"2025-10-11T00:00:00.000","MNR","145487"
"2025-10-11T00:00:00.000","SIR","2926"
"2025-10-11T00:00:00.000","Subway","2732324"
"2025-10-12T00:00:00.000","AAR","23732"
"2025-10-12T00:00:00.000","Bus","592660"
"2025-10-12T00:00:00.000","LIRR","105833"
"2025-10-12T00:00:00.000","MNR","98164"
"2025-10-12T00:00:00.000","SIR","1968"
"2025-10-12T00:00:00.000","Subway","1968515"
"2025-10-13T00:00:00.000","AAR","27812"
"2025-10-13T00:00:00.000","Bus","891300"
"2025-10-13T00:00:00.000","LIRR","226891"
"2025-10-13T00:00:00.000","MNR","203344"
"2025-10-13T00:00:00.000","SIR","3548"
"2025-10-13T00:00:00.000","Subway","2788416"
"2025-10-14T00:00:00.000","AAR","42716"
"2025-10-14T00:00:00.000","Bus","1409939"
"2025-10-14T00:00:00.000","LIRR","280029"
"2025-10-14T00:00:00.000","MNR","250229"
"2025-10-14T00:00:00.000","SIR","7739"
"2025-10-14T00:00:00.000","Subway","4190034"
"2025-10-15T00:00:00.000","AAR","46081"
"2025-10-15T00:00:00.000","Bus","1443106"
"2025-10-15T00:00:00.000","LIRR","283734"
"2025-10-15T00:00:00.000","MNR","250634"
"2025-10-15T00:00:00.000","SIR","7915"
"2025-10-15T00:00:00.000","Subway","4328358"
"2025-10-16T00:00:00.000","AAR","46342"
"2025-10-16T00:00:00.000","Bus","1429707"
"2025-10-16T00:00:00.000","LIRR","289634"
"2025-10-16T00:00:00.000","MNR","249181"
"2025-10-16T00:00:00.000","SIR","7794"
"2025-10-16T00:00:00.000","Subway","4462590"
"2025-10-17T00:00:00.000","AAR","44786"
"2025-10-17T00:00:00.000","Bus","1364083"
"2025-10-17T00:00:00.000","LIRR","269171"
"2025-10-17T00:00:00.000","MNR","240862"
"2025-10-17T00:00:00.000","SIR","6689"
"2025-10-17T00:00:00.000","Subway","4113843"
"2025-10-18T00:00:00.000","AAR","28890"
"2025-10-18T00:00:00.000","Bus","903291"
"2025-10-18T00:00:00.000","LIRR","154085"
"2025-10-18T00:00:00.000","MNR","156049"
"2025-10-18T00:00:00.000","SIR","42"
"2025-10-18T00:00:00.000","Subway","2931765"
"2025-10-19T00:00:00.000","AAR","29387"
"2025-10-19T00:00:00.000","Bus","727587"
"2025-10-19T00:00:00.000","LIRR","128355"
"2025-10-19T00:00:00.000","MNR","125200"
"2025-10-19T00:00:00.000","SIR","1"
"2025-10-19T00:00:00.000","Subway","2264572"
"2025-10-20T00:00:00.000","AAR","40468"
"2025-10-20T00:00:00.000","Bus","1220586"
"2025-10-20T00:00:00.000","LIRR","264955"
"2025-10-20T00:00:00.000","MNR","232341"
"2025-10-20T00:00:00.000","SIR","6134"
"2025-10-20T00:00:00.000","Subway","3601800"
"2025-10-21T00:00:00.000","AAR","46279"
"2025-10-21T00:00:00.000","Bus","1472383"
"2025-10-21T00:00:00.000","LIRR","285947"
"2025-10-21T00:00:00.000","MNR","252266"
"2025-10-21T00:00:00.000","SIR","8052"
"2025-10-21T00:00:00.000","Subway","4461061"
"2025-10-22T00:00:00.000","AAR","47380"
"2025-10-22T00:00:00.000","Bus","1467664"
"2025-10-22T00:00:00.000","LIRR","275757"
"2025-10-22T00:00:00.000","MNR","243232"
"2025-10-22T00:00:00.000","SIR","8324"
"2025-10-22T00:00:00.000","Subway","4523614"
"2025-10-23T00:00:00.000","AAR","46401"
"2025-10-23T00:00:00.000","Bus","1461341"
"2025-10-23T00:00:00.000","LIRR","286021"
"2025-10-23T00:00:00.000","MNR","247800"
"2025-10-23T00:00:00.000","SIR","7887"
"2025-10-23T00:00:00.000","Subway","4559508"
"2025-10-24T00:00:00.000","AAR","44360"
"2025-10-24T00:00:00.000","Bus","1410451"
"2025-10-24T00:00:00.000","LIRR","274534"
"2025-10-24T00:00:00.000","MNR","240961"
"2025-10-24T00:00:00.000","SIR","6741"
"2025-10-24T00:00:00.000","Subway","4276483"
"2025-10-25T00:00:00.000","AAR","29197"
"2025-10-25T00:00:00.000","Bus","900658"
"2025-10-25T00:00:00.000","LIRR","155774"
"2025-10-25T00:00:00.000","MNR","157311"
"2025-10-25T00:00:00.000","SIR","71"
"2025-10-25T00:00:00.000","Subway","2949713"
"2025-10-26T00:00:00.000","AAR","29588"
"2025-10-26T00:00:00.000","Bus","828951"
"2025-10-26T00:00:00.000","LIRR","126937"
"2025-10-26T00:00:00.000","MNR","119440"
"2025-10-26T00:00:00.000","SIR","4"
"2025-10-26T00:00:00.000","Subway","2286150"
"2025-10-27T00:00:00.000","AAR","41385"
"2025-10-27T00:00:00.000","Bus","1402134"
"2025-10-27T00:00:00.000","LIRR","266942"
"2025-10-27T00:00:00.000","MNR","232879"
"2025-10-27T00:00:00.000","SIR","7507"
"2025-10-27T00:00:00.000","Subway","4127115"
"2025-10-28T00:00:00.000","AAR","45787"
"2025-10-28T00:00:00.000","Bus","1455220"
"2025-10-28T00:00:00.000","LIRR","283192"
"2025-10-28T00:00:00.000","MNR","251648"
"2025-10-28T00:00:00.000","SIR","8079"
"2025-10-28T00:00:00.000","Subway","4530266"
"2025-10-29T00:00:00.000","AAR","47416"
"2025-10-29T00:00:00.000","Bus","1469294"
"2025-10-29T00:00:00.000","LIRR","281041"
"2025-10-29T00:00:00.000","MNR","248483"
"2025-10-29T00:00:00.000","SIR","8220"
"2025-10-29T00:00:00.000","Subway","4602493"
"2025-10-30T00:00:00.000","AAR","44144"
"2025-10-30T00:00:00.000","Bus","1227694"
"2025-10-30T00:00:00.000","LIRR","267015"
"2025-10-30T00:00:00.000","MNR","233660"
"2025-10-30T00:00:00.000","SIR","7567"
"2025-10-30T00:00:00.000","Subway","4324588"
"2025-10-31T00:00:00.000","AAR","43132"
"2025-10-31T00:00:00.000","Bus","1317185"
"2025-10-31T00:00:00.000","LIRR","277129"
"2025-10-31T00:00:00.000","MNR","238548"
"2025-10-31T00:00:00.000","SIR","6460"
"2025-10-31T00:00:00.000","Subway","4432080"
"2025-11-01T00:00:00.000","AAR","28093"
"2025-11-01T00:00:00.000","Bus","898965"
"2025-11-01T00:00:00.000","LIRR","144681"
"2025-11-01T00:00:00.000","MNR","136951"
"2025-11-01T00:00:00.000","SIR","3055"
"2025-11-01T00:00:00.000","Subway","3100676"
"2025-11-02T00:00:00.000","AAR","25958"
"2025-11-02T00:00:00.000","Bus","650701"
"2025-11-02T00:00:00.000","LIRR","139969"
"2025-11-02T00:00:00.000","MNR","126613"
"2025-11-02T00:00:00.000","SIR","4004"
"2025-11-02T00:00:00.000","Subway","2832239"
"2025-11-03T00:00:00.000","AAR","43099"
"2025-11-03T00:00:00.000","Bus","1391623"
"2025-11-03T00:00:00.000","LIRR","255395"
"2025-11-03T00:00:00.000","MNR","220572"
"2025-11-03T00:00:00.000","SIR","7712"
"2025-11-03T00:00:00.000","Subway","4161669"
"2025-11-04T00:00:00.000","AAR","43413"
"2025-11-04T00:00:00.000","Bus","1328396"
"2025-11-04T00:00:00.000","LIRR","272769"
"2025-11-04T00:00:00.000","MNR","239630"
"2025-11-04T00:00:00.000","SIR","6902"
"2025-11-04T00:00:00.000","Subway","4115365"
"2025-11-05T00:00:00.000","AAR","47577"
"2025-11-05T00:00:00.000","Bus","1446631"
"2025-11-05T00:00:00.000","LIRR","278711"
"2025-11-05T00:00:00.000","MNR","241336"
"2025-11-05T00:00:00.000","SIR","8275"
"2025-11-05T00:00:00.000","Subway","4481565"
"2025-11-06T00:00:00.000","AAR","46597"
"2025-11-06T00:00:00.000","Bus","1380841"
"2025-11-06T00:00:00.000","LIRR","277537"
"2025-11-06T00:00:00.000","MNR","237999"
"2025-11-06T00:00:00.000","SIR","7819"
"2025-11-06T00:00:00.000","Subway","4476845"
"2025-11-07T00:00:00.000","AAR","44889"
"2025-11-07T00:00:00.000","Bus","1278966"
"2025-11-07T00:00:00.000","LIRR","271989"
"2025-11-07T00:00:00.000","MNR","227739"
"2025-11-07T00:00:00.000","SIR","6673"
"2025-11-07T00:00:00.000","Subway","4143987"
"2025-11-08T00:00:00.000","AAR","28928"
"2025-11-08T00:00:00.000","Bus","904574"
"2025-11-08T00:00:00.000","LIRR","146648"
"2025-11-08T00:00:00.000","MNR","144272"
"2025-11-08T00:00:00.000","SIR","98"
"2025-11-08T00:00:00.000","Subway","2998303"
"2025-11-09T00:00:00.000","AAR","28414"
"2025-11-09T00:00:00.000","Bus","664738"
"2025-11-09T00:00:00.000","LIRR","108466"
"2025-11-09T00:00:00.000","MNR","102557"
"2025-11-09T00:00:00.000","SIR","6"
"2025-11-09T00:00:00.000","Subway","2170348"
"2025-11-10T00:00:00.000","AAR","42668"
"2025-11-10T00:00:00.000","Bus","1330157"
"2025-11-10T00:00:00.000","LIRR","261926"
"2025-11-10T00:00:00.000","MNR","224338"
"2025-11-10T00:00:00.000","SIR","7111"
"2025-11-10T00:00:00.000","Subway","4042262"
"2025-11-11T00:00:00.000","AAR","37343"
"2025-11-11T00:00:00.000","Bus","1138614"
"2025-11-11T00:00:00.000","LIRR","261323"
"2025-11-11T00:00:00.000","MNR","231128"
"2025-11-11T00:00:00.000","SIR","5848"
"2025-11-11T00:00:00.000","Subway","3805525"
"2025-11-12T00:00:00.000","AAR","48814"
"2025-11-12T00:00:00.000","Bus","1416400"
"2025-11-12T00:00:00.000","LIRR","277019"
"2025-11-12T00:00:00.000","MNR","241668"
"2025-11-12T00:00:00.000","SIR","8127"
"2025-11-12T00:00:00.000","Subway","4490139"
"2025-11-13T00:00:00.000","AAR","48365"
"2025-11-13T00:00:00.000","Bus","1393834"
"2025-11-13T00:00:00.000","LIRR","278935"
"2025-11-13T00:00:00.000","MNR","240393"
"2025-11-13T00:00:00.000","SIR","7775"
"2025-11-13T00:00:00.000","Subway","4514518"
"2025-11-14T00:00:00.000","AAR","45674"
"2025-11-14T00:00:00.000","Bus","1358720"
"2025-11-14T00:00:00.000","LIRR","266627"
"2025-11-14T00:00:00.000","MNR","228051"
"2025-11-14T00:00:00.000","SIR","6632"
"2025-11-14T00:00:00.000","Subway","4202637"
"2025-11-15T00:00:00.000","AAR","29345"
"2025-11-15T00:00:00.000","Bus","901107"
"2025-11-15T00:00:00.000","LIRR","147186"
"2025-11-15T00:00:00.000","MNR","134636"
"2025-11-15T00:00:00.000","SIR","2601"
"2025-11-15T00:00:00.000","Subway","2916948"
"2025-11-16T00:00:00.000","AAR","29190"
"2025-11-16T00:00:00.000","Bus","698030"
"2025-11-16T00:00:00.000","LIRR","122244"
"2025-11-16T00:00:00.000","MNR","104396"
"2025-11-16T00:00:00.000","SIR","1930"
"2025-11-16T00:00:00.000","Subway","2244614"
"2025-11-17T00:00:00.000","AAR","43573"
"2025-11-17T00:00:00.000","Bus","1345238"
"2025-11-17T00:00:00.000","LIRR","265144"
"2025-11-17T00:00:00.000","MNR","224332"
"2025-11-17T00:00:00.000","SIR","7340"
"2025-11-17T00:00:00.000","Subway","4073219"
"2025-11-18T00:00:00.000","AAR","47836"
"2025-11-18T00:00:00.000","Bus","1412746"
"2025-11-18T00:00:00.000","LIRR","276957"
"2025-11-18T00:00:00.000","MNR","244622"
"2025-11-18T00:00:00.000","SIR","7946"
"2025-11-18T00:00:00.000","Subway","4478041"
"2025-11-19T00:00:00.000","AAR","49261"
"2025-11-19T00:00:00.000","Bus","1324616"
"2025-11-19T00:00:00.000","LIRR","285721"
"2025-11-19T00:00:00.000","MNR","242379"
"2025-11-19T00:00:00.000","SIR","7984"
"2025-11-19T00:00:00.000","Subway","4485722"
"2025-11-20T00:00:00.000","AAR","48100"
"2025-11-20T00:00:00.000","Bus","1351795"
"2025-11-20T00:00:00.000","LIRR","281238"
"2025-11-20T00:00:00.000","MNR","242044"
"2025-11-20T00:00:00.000","SIR","7966"
"2025-11-20T00:00:00.000","Subway","4507934"
"2025-11-21T00:00:00.000","AAR","46310"
"2025-11-21T00:00:00.000","Bus","1308473"
"2025-11-21T00:00:00.000","LIRR","265950"
"2025-11-21T00:00:00.000","MNR","227894"
"2025-11-21T00:00:00.000","SIR","6706"
"2025-11-21T00:00:00.000","Subway","4136195"
"2025-11-22T00:00:00.000","AAR","28732"
"2025-11-22T00:00:00.000","Bus","843858"
"2025-11-22T00:00:00.000","LIRR","154859"
"2025-11-22T00:00:00.000","MNR","136221"
"2025-11-22T00:00:00.000","SIR","2501"
"2025-11-22T00:00:00.000","Subway","2789019"
"2025-11-23T00:00:00.000","AAR","29629"
"2025-11-23T00:00:00.000","Bus","677274"
"2025-11-23T00:00:00.000","LIRR","124945"
"2025-11-23T00:00:00.000","MNR","111766"
"2025-11-23T00:00:00.000","SIR","1919"
"2025-11-23T00:00:00.000","Subway","2214468"
"2025-11-24T00:00:00.000","AAR","43753"
"2025-11-24T00:00:00.000","Bus","1325785"
"2025-11-24T00:00:00.000","LIRR","278824"
"2025-11-24T00:00:00.000","MNR","235318"
"2025-11-24T00:00:00.000","SIR","7369"
"2025-11-24T00:00:00.000","Subway","4093423"
"2025-11-25T00:00:00.000","AAR","46923"
"2025-11-25T00:00:00.000","Bus","1323388"
"2025-11-25T00:00:00.000","LIRR","287401"
"2025-11-25T00:00:00.000","MNR","245330"
"2025-11-25T00:00:00.000","SIR","7701"
"2025-11-25T00:00:00.000","Subway","4220008"
"2025-11-26T00:00:00.000","AAR","42124"
"2025-11-26T00:00:00.000","Bus","1236618"
"2025-11-26T00:00:00.000","LIRR","303778"
"2025-11-26T00:00:00.000","MNR","255782"
"2025-11-26T00:00:00.000","SIR","7074"
"2025-11-26T00:00:00.000","Subway","3810090"
"2025-11-27T00:00:00.000","AAR","31998"
"2025-11-27T00:00:00.000","Bus","495496"
"2025-11-27T00:00:00.000","LIRR","136991"
"2025-11-27T00:00:00.000","MNR","118294"
"2025-11-27T00:00:00.000","SIR","2356"
"2025-11-27T00:00:00.000","Subway","1828134"
"2025-11-28T00:00:00.000","AAR","23232"
"2025-11-28T00:00:00.000","Bus","841444"
"2025-11-28T00:00:00.000","LIRR","155678"
"2025-11-28T00:00:00.000","MNR","137068"
"2025-11-28T00:00:00.000","SIR","3865"
"2025-11-28T00:00:00.000","Subway","2812012"
"2025-11-29T00:00:00.000","AAR","23215"
"2025-11-29T00:00:00.000","Bus","774221"
"2025-11-29T00:00:00.000","LIRR","157271"
"2025-11-29T00:00:00.000","MNR","140888"
"2025-11-29T00:00:00.000","SIR","2407"
"2025-11-29T00:00:00.000","Subway","2451340"
"2025-11-30T00:00:00.000","AAR","25621"
"2025-11-30T00:00:00.000","Bus","586972"
"2025-11-30T00:00:00.000","LIRR","130384"
"2025-11-30T00:00:00.000","MNR","108842"
"2025-11-30T00:00:00.000","SIR","1743"
"2025-11-30T00:00:00.000","Subway","1870396"
"2025-12-01T00:00:00.000","AAR","43282"
"2025-12-01T00:00:00.000","Bus","1303042"
"2025-12-01T00:00:00.000","LIRR","249607"
"2025-12-01T00:00:00.000","MNR","216228"
"2025-12-01T00:00:00.000","SIR","7223"
"2025-12-01T00:00:00.000","Subway","4006207"
"2025-12-02T00:00:00.000","AAR","44343"
"2025-12-02T00:00:00.000","Bus","1222943"
"2025-12-02T00:00:00.000","LIRR","265911"
"2025-12-02T00:00:00.000","MNR","223297"
"2025-12-02T00:00:00.000","SIR","7245"
"2025-12-02T00:00:00.000","Subway","4133004"
"2025-12-03T00:00:00.000","AAR","48995"
"2025-12-03T00:00:00.000","Bus","1388939"
"2025-12-03T00:00:00.000","LIRR","275589"
"2025-12-03T00:00:00.000","MNR","240102"
"2025-12-03T00:00:00.000","SIR","8244"
"2025-12-03T00:00:00.000","Subway","4602770"
"2025-12-04T00:00:00.000","AAR","47977"
"2025-12-04T00:00:00.000","Bus","1357434"
"2025-12-04T00:00:00.000","LIRR","279292"
"2025-12-04T00:00:00.000","MNR","234324"
"2025-12-04T00:00:00.000","SIR","7743"
"2025-12-04T00:00:00.000","Subway","4625030"
"2025-12-05T00:00:00.000","AAR","45693"
"2025-12-05T00:00:00.000","Bus","1244763"
"2025-12-05T00:00:00.000","LIRR","257408"
"2025-12-05T00:00:00.000","MNR","214457"
"2025-12-05T00:00:00.000","SIR","6250"
"2025-12-05T00:00:00.000","Subway","4245175"
"2025-12-06T00:00:00.000","AAR","29625"
"2025-12-06T00:00:00.000","Bus","862636"
"2025-12-06T00:00:00.000","LIRR","161891"
"2025-12-06T00:00:00.000","MNR","143742"
"2025-12-06T00:00:00.000","SIR","2750"
"2025-12-06T00:00:00.000","Subway","3167060"
"2025-12-07T00:00:00.000","AAR","30064"
"2025-12-07T00:00:00.000","Bus","677370"
"2025-12-07T00:00:00.000","LIRR","132179"
"2025-12-07T00:00:00.000","MNR","108943"
"2025-12-07T00:00:00.000","SIR","2085"
"2025-12-07T00:00:00.000","Subway","2417625"
"2025-12-08T00:00:00.000","AAR","44073"
"2025-12-08T00:00:00.000","Bus","1280746"
"2025-12-08T00:00:00.000","LIRR","262078"
"2025-12-08T00:00:00.000","MNR","221975"
"2025-12-08T00:00:00.000","SIR","7173"
"2025-12-08T00:00:00.000","Subway","4146910"
"2025-12-09T00:00:00.000","AAR","47915"
"2025-12-09T00:00:00.000","Bus","1343371"
"2025-12-09T00:00:00.000","LIRR","280939"
"2025-12-09T00:00:00.000","MNR","245102"
"2025-12-09T00:00:00.000","SIR","7619"
"2025-12-09T00:00:00.000","Subway","4498157"
"2025-12-10T00:00:00.000","AAR","48763"
"2025-12-10T00:00:00.000","Bus","1356535"
"2025-12-10T00:00:00.000","LIRR","278314"
"2025-12-10T00:00:00.000","MNR","243313"
"2025-12-10T00:00:00.000","SIR","7932"
"2025-12-10T00:00:00.000","Subway","4570883"
"2025-12-11T00:00:00.000","AAR","47771"
"2025-12-11T00:00:00.000","Bus","1354523"
"2025-12-11T00:00:00.000","LIRR","282861"
"2025-12-11T00:00:00.000","MNR","244157"
"2025-12-11T00:00:00.000","SIR","7601"
"2025-12-11T00:00:00.000","Subway","4654787"
"2025-12-12T00:00:00.000","AAR","46724"
"2025-12-12T00:00:00.000","Bus","1310865"
"2025-12-12T00:00:00.000","LIRR","271356"
"2025-12-12T00:00:00.000","MNR","232325"
"2025-12-12T00:00:00.000","SIR","6359"
"2025-12-12T00:00:00.000","Subway","4342252"
"2025-12-13T00:00:00.000","AAR","29814"
"2025-12-13T00:00:00.000","Bus","895773"
"2025-12-13T00:00:00.000","LIRR","183250"
"2025-12-13T00:00:00.000","MNR","160206"
"2025-12-13T00:00:00.000","SIR","2636"
"2025-12-13T00:00:00.000","Subway","3223814"
"2025-12-14T00:00:00.000","AAR","25999"
"2025-12-14T00:00:00.000","Bus","551669"
"2025-12-14T00:00:00.000","LIRR","116119"
"2025-12-14T00:00:00.000","MNR","106009"
"2025-12-14T00:00:00.000","SIR","1816"
"2025-12-14T00:00:00.000","Subway","2275321"
"2025-12-15T00:00:00.000","AAR","41911"
"2025-12-15T00:00:00.000","Bus","1250173"
"2025-12-15T00:00:00.000","LIRR","257524"
"2025-12-15T00:00:00.000","MNR","221439"
"2025-12-15T00:00:00.000","SIR","6631"
"2025-12-15T00:00:00.000","Subway","4071120"
"2025-12-16T00:00:00.000","AAR","46871"
"2025-12-16T00:00:00.000","Bus","1353494"
"2025-12-16T00:00:00.000","LIRR","275666"
"2025-12-16T00:00:00.000","MNR","243838"
"2025-12-16T00:00:00.000","SIR","7147"
"2025-12-16T00:00:00.000","Subway","4478870"
"2025-12-17T00:00:00.000","AAR","49815"
"2025-12-17T00:00:00.000","Bus","1383795"
"2025-12-17T00:00:00.000","LIRR","286645"
"2025-12-17T00:00:00.000","MNR","245310"
"2025-12-17T00:00:00.000","SIR","7365"
"2025-12-17T00:00:00.000","Subway","4493497"
"2025-12-18T00:00:00.000","AAR","49193"
"2025-12-18T00:00:00.000","Bus","1378737"
"2025-12-18T00:00:00.000","LIRR","294530"
"2025-12-18T00:00:00.000","MNR","245278"
"2025-12-18T00:00:00.000","SIR","7371"
"2025-12-18T00:00:00.000","Subway","4499832"
"2025-12-19T00:00:00.000","AAR","44942"
"2025-12-19T00:00:00.000","Bus","1167980"
"2025-12-19T00:00:00.000","LIRR","269600"
"2025-12-19T00:00:00.000","MNR","221112"
"2025-12-19T00:00:00.000","SIR","5598"
"2025-12-19T00:00:00.000","Subway","3888599"
"2025-12-20T00:00:00.000","AAR","30138"
"2025-12-20T00:00:00.000","Bus","813781"
"2025-12-20T00:00:00.000","LIRR","173942"
"2025-12-20T00:00:00.000","MNR","155827"
"2025-12-20T00:00:00.000","SIR","2583"
"2025-12-20T00:00:00.000","Subway","2981831"
"2025-12-21T00:00:00.000","AAR","31036"
"2025-12-21T00:00:00.000","Bus","627619"
"2025-12-21T00:00:00.000","LIRR","152661"
"2025-12-21T00:00:00.000","MNR","127045"
"2025-12-21T00:00:00.000","SIR","2119"
"2025-12-21T00:00:00.000","Subway","2390530"
"2025-12-22T00:00:00.000","AAR","42652"
"2025-12-22T00:00:00.000","Bus","1158803"
"2025-12-22T00:00:00.000","LIRR","268354"
"2025-12-22T00:00:00.000","MNR","229496"
"2025-12-22T00:00:00.000","SIR","6935"
"2025-12-22T00:00:00.000","Subway","3869528"
"2025-12-23T00:00:00.000","AAR","41705"
"2025-12-23T00:00:00.000","Bus","1107930"
"2025-12-23T00:00:00.000","LIRR","268202"
"2025-12-23T00:00:00.000","MNR","223698"
"2025-12-23T00:00:00.000","SIR","6345"
"2025-12-23T00:00:00.000","Subway","3602331"
"2025-12-24T00:00:00.000","AAR","35738"
"2025-12-24T00:00:00.000","Bus","883076"
"2025-12-24T00:00:00.000","LIRR","244530"
"2025-12-24T00:00:00.000","MNR","195155"
"2025-12-24T00:00:00.000","SIR","4540"
"2025-12-24T00:00:00.000","Subway","2853461"
"2025-12-25T00:00:00.000","AAR","22310"
"2025-12-25T00:00:00.000","Bus","390603"
"2025-12-25T00:00:00.000","LIRR","96125"
"2025-12-25T00:00:00.000","MNR","69421"
"2025-12-25T00:00:00.000","SIR","1826"
"2025-12-25T00:00:00.000","Subway","1511985"
"2025-12-26T00:00:00.000","AAR","27702"
"2025-12-26T00:00:00.000","Bus","793491"
"2025-12-26T00:00:00.000","LIRR","238777"
"2025-12-26T00:00:00.000","MNR","204111"
"2025-12-26T00:00:00.000","SIR","4070"
"2025-12-26T00:00:00.000","Subway","2695535"
"2025-12-27T00:00:00.000","AAR","16279"
"2025-12-27T00:00:00.000","Bus","542506"
"2025-12-27T00:00:00.000","LIRR","130835"
"2025-12-27T00:00:00.000","MNR","114446"
"2025-12-27T00:00:00.000","SIR","2424"
"2025-12-27T00:00:00.000","Subway","2219293"
"2025-12-28T00:00:00.000","AAR","22732"
"2025-12-28T00:00:00.000","Bus","579178"
"2025-12-28T00:00:00.000","LIRR","133665"
"2025-12-28T00:00:00.000","MNR","114540"
"2025-12-28T00:00:00.000","SIR","2302"
"2025-12-28T00:00:00.000","Subway","2180348"
"2025-12-29T00:00:00.000","AAR","37707"
"2025-12-29T00:00:00.000","Bus","1024260"
"2025-12-29T00:00:00.000","LIRR","257839"
"2025-12-29T00:00:00.000","MNR","214568"
"2025-12-29T00:00:00.000","SIR","5571"
"2025-12-29T00:00:00.000","Subway","3297161"
"2025-12-30T00:00:00.000","AAR","40464"
"2025-12-30T00:00:00.000","Bus","1084547"
"2025-12-30T00:00:00.000","LIRR","265344"
"2025-12-30T00:00:00.000","MNR","222329"
"2025-12-30T00:00:00.000","SIR","5681"
"2025-12-30T00:00:00.000","Subway","3554107"
"2025-12-31T00:00:00.000","AAR","38585"
"2025-12-31T00:00:00.000","Bus","959612"
"2025-12-31T00:00:00.000","LIRR","245088"
"2025-12-31T00:00:00.000","MNR","203486"
"2025-12-31T00:00:00.000","SIR","4790"
"2025-12-31T00:00:00.000","Subway","3084643"
